"","Player","POS","FL","FPTS","REC.RECEIVING","YDS.RECEIVING","TDS.RECEIVING","ATT.RUSHING","YDS.RUSHING","TDS.RUSHING","ATT.PASSING","CMP.PASSING","YDS.PASSING","TDS.PASSING","INTS.PASSING","Rank.ADP","Yahoo.ADP","ESPN.ADP","CBS.ADP","FFC.ADP","NFL.ADP","AVG.ADP"
"A.J. Green (CIN) WR","A.J. Green (CIN)","WR",0,194.5,91.2,1315.2,10.5,0,0,0,NA,NA,NA,NA,NA,14,12,14,17,12,17,14.4
"A.J. Jenkins (KC) WR","A.J. Jenkins (KC)","WR",0,42.2,24.2,329.1,1.5,1.5,3,0,NA,NA,NA,NA,NA,NA,NA,NA,NA,NA,NA,NA
"Aaron Dobson (NE) WR","Aaron Dobson (NE)","WR",0,68.8,35,496,3.2,0,0,0,NA,NA,NA,NA,NA,207,178,NA,207,NA,176,187
"Aaron Murray (KC) QB","Aaron Murray (KC)","QB",0,0,NA,NA,NA,0,0,0,0,0,0,0,0,NA,NA,NA,NA,NA,NA,NA
"Aaron Rodgers (GB) QB","Aaron Rodgers (GB)","QB",2,345.6,NA,NA,NA,49.6,216.6,2,544.1,362.2,4563,37.4,8.1,15,18,9,10,19,19,15
"Ace Sanders (JAC) WR","Ace Sanders (JAC)","WR",0,35.6,25.4,272.8,1.3,2,8,0,NA,NA,NA,NA,NA,NA,NA,NA,NA,NA,NA,NA
"Adam Thielen (MIN) WR","Adam Thielen (MIN)","WR",0,8.3,6.8,82.5,0,0,0,0,NA,NA,NA,NA,NA,NA,NA,NA,NA,NA,NA,NA
"Adam Vinatieri (IND) K","Adam Vinatieri (IND)","K",NA,NA,NA,NA,NA,NA,NA,NA,NA,NA,NA,NA,NA,144,82,164,168,188,127,145.8
"Adrian Peterson (MIN) RB","Adrian Peterson (MIN)","RB",2.5,237.1,42.9,286.1,1.5,296,1378.7,11.1,NA,NA,NA,NA,NA,2,3,1,4,2,1,2.2
"Adrien Robinson (NYG) TE","Adrien Robinson (NYG)","TE",0,43.4,24.8,319.5,1.9,NA,NA,NA,NA,NA,NA,NA,NA,NA,NA,NA,NA,NA,NA,NA
"Ahmad Bradshaw (IND) RB","Ahmad Bradshaw (IND)","RB",1.5,68.4,17.5,134.3,0.3,97.5,411.5,2.5,NA,NA,NA,NA,NA,181,NA,184,185,138,191,174.5
"AJ McCarron (CIN) QB","AJ McCarron (CIN)","QB",0,0,NA,NA,NA,0,0,0,0,0,0,0,0,NA,NA,NA,NA,NA,NA,NA
"Alan Bonner (HOU) WR","Alan Bonner (HOU)","WR",0,15.8,10.5,158.3,0,0,0,0,NA,NA,NA,NA,NA,NA,NA,NA,NA,NA,NA,NA
"Aldrick Robinson (WAS) WR","Aldrick Robinson (WAS)","WR",0,26.5,13.5,205,1,0,0,0,NA,NA,NA,NA,NA,NA,NA,NA,NA,NA,NA,NA
"Alex Henery (PHI) K","Alex Henery (PHI)","K",NA,NA,NA,NA,NA,NA,NA,NA,NA,NA,NA,NA,NA,225,NA,196,210,NA,185,197
"Alex Smith (KC) QB","Alex Smith (KC)","QB",3.5,245.2,NA,NA,NA,65.9,313.9,1.3,530.1,319.9,3535.6,23,10.2,151,162,132,143,NA,137,143.5
"Alfred Blue (HOU) RB","Alfred Blue (HOU)","RB",0,35.7,6.7,49.3,0,52.3,229.3,1.3,NA,NA,NA,NA,NA,NA,NA,NA,NA,NA,NA,NA
"Alfred Morris (WAS) RB","Alfred Morris (WAS)","RB",2.5,190.2,13.2,101.6,0,269.3,1292.3,9.3,NA,NA,NA,NA,NA,24,27,23,24,23,24,24.2
"Allen Hurns (JAC) WR","Allen Hurns (JAC)","WR",0,40.1,25,321.2,1.3,0,0,0,NA,NA,NA,NA,NA,NA,NA,NA,NA,NA,NA,NA
"Allen Reisner (MIN) TE","Allen Reisner (MIN)","TE",0,5.6,4.5,56.3,0,NA,NA,NA,NA,NA,NA,NA,NA,NA,NA,NA,NA,NA,NA,NA
"Allen Robinson (JAC) WR","Allen Robinson (JAC)","WR",1,51.6,29,409.9,2.1,0,0,0,NA,NA,NA,NA,NA,NA,NA,NA,NA,NA,NA,NA
"Alshon Jeffery (CHI) WR","Alshon Jeffery (CHI)","WR",1,184.8,82.3,1276.5,8,12.5,81,0.5,NA,NA,NA,NA,NA,25,22,25,28,26,27,25.6
"Alvester Alexander (PIT) RB","Alvester Alexander (PIT)","RB",0,6.5,3,16.5,0,11.3,48.8,0,NA,NA,NA,NA,NA,NA,NA,NA,NA,NA,NA,NA
"Andre Brown (HOU) RB","Andre Brown (HOU)","RB",0,34.2,11,59,0,43,163,2,NA,NA,NA,NA,NA,NA,NA,NA,NA,NA,NA,NA
"Andre Caldwell (DEN) WR","Andre Caldwell (DEN)","WR",0,40.9,26.4,319.1,1.5,0,0,0,NA,NA,NA,NA,NA,NA,NA,NA,NA,NA,NA,NA
"Andre Ellington (ARI) RB","Andre Ellington (ARI)","RB",1.5,180.7,53.9,473.4,2.2,195.2,973.6,4.3,NA,NA,NA,NA,NA,30,24,47,30,29,31,32.2
"Andre Holmes (OAK) WR","Andre Holmes (OAK)","WR",0,79,37.6,568.3,3.7,0,0,0,NA,NA,NA,NA,NA,NA,NA,NA,NA,NA,NA,NA
"Andre Johnson (HOU) WR","Andre Johnson (HOU)","WR",0,161.4,92.6,1260.1,5.9,0,0,0,NA,NA,NA,NA,NA,36,37,32,40,46,33,37.6
"Andre Roberts (WAS) WR","Andre Roberts (WAS)","WR",0.5,68.6,43.8,513.2,2.9,1.5,8.5,0,NA,NA,NA,NA,NA,NA,NA,NA,NA,NA,NA,NA
"Andre Williams (NYG) RB","Andre Williams (NYG)","RB",0.5,104.7,8,63.4,0,143,633.7,6,NA,NA,NA,NA,NA,136,153,158,113,109,164,139.4
"Andrew Hawkins (CLE) WR","Andrew Hawkins (CLE)","WR",0,86.2,55,628.8,3.3,5.5,35,0,NA,NA,NA,NA,NA,237,NA,193,220,NA,NA,206.5
"Andrew Luck (IND) QB","Andrew Luck (IND)","QB",3,302.4,NA,NA,NA,61.3,316.7,3.3,585.6,361.9,4277.2,26.8,10.7,42,53,34,39,52,29,41.4
"Andrew Quarless (GB) TE","Andrew Quarless (GB)","TE",0,46,27,316.1,2.4,NA,NA,NA,NA,NA,NA,NA,NA,NA,NA,NA,NA,NA,NA,NA
"Andrew Szczerba (ATL) TE","Andrew Szczerba (ATL)","TE",0,3.2,3,32.3,0,NA,NA,NA,NA,NA,NA,NA,NA,NA,NA,NA,NA,NA,NA,NA
"Andy Dalton (CIN) QB","Andy Dalton (CIN)","QB",3,251.3,NA,NA,NA,51.7,148.4,1.5,535.9,331.8,3811.5,27.8,15.1,126,150,115,118,127,132,128.4
"Andy Tanner (NO) WR","Andy Tanner (NO)","WR",0,5.7,3.8,57,0,0,0,0,NA,NA,NA,NA,NA,NA,NA,NA,NA,NA,NA,NA
"Anquan Boldin (SF) WR","Anquan Boldin (SF)","WR",0.5,106.3,60.9,795.9,4.5,1,7,0,NA,NA,NA,NA,NA,113,119,94,124,125,125,117.4
"Anthony Armstrong (CLE) WR","Anthony Armstrong (CLE)","WR",0,11,4.5,64.5,0.8,0,0,0,NA,NA,NA,NA,NA,NA,NA,NA,NA,NA,NA,NA
"Anthony Dixon (BUF) RB","Anthony Dixon (BUF)","RB",0,30.2,2,16.5,0,31,135.5,2.5,NA,NA,NA,NA,NA,NA,NA,NA,NA,NA,NA,NA
"Anthony Fasano (KC) TE","Anthony Fasano (KC)","TE",0,40.6,25.1,256.2,2.5,NA,NA,NA,NA,NA,NA,NA,NA,NA,NA,NA,NA,NA,NA,NA
"Anthony McCoy (SEA) TE","Anthony McCoy (SEA)","TE",0,14.4,10,113.5,0.5,NA,NA,NA,NA,NA,NA,NA,NA,NA,NA,NA,NA,NA,NA,NA
"Anthony Sherman (KC) RB","Anthony Sherman (KC)","RB",0,18.7,13,106,0.5,6.5,20.5,0.5,NA,NA,NA,NA,NA,NA,NA,NA,NA,NA,NA,NA
"Antone Smith (ATL) RB","Antone Smith (ATL)","RB",0,7.2,0.8,6.4,0,10.1,43.1,0.4,NA,NA,NA,NA,NA,NA,NA,NA,NA,NA,NA,NA
"Antonio Brown (PIT) WR","Antonio Brown (PIT)","WR",0.5,184.7,103.5,1366.4,7.5,6.5,40.5,0,NA,NA,NA,NA,NA,26,25,29,26,24,25,25.8
"Antonio Gates (SD) TE","Antonio Gates (SD)","TE",0.5,94.1,60.7,680.7,4.5,NA,NA,NA,NA,NA,NA,NA,NA,138,171,120,129,156,131,141.4
"Arian Foster (HOU) RB","Arian Foster (HOU)","RB",2,188.1,43.8,346.3,1.6,251.4,1100.5,6.3,NA,NA,NA,NA,NA,18,19,12,23,21,10,17
"Arizona Cardinals Defense DST","Arizona Cardinals Defense","DST",NA,NA,NA,NA,NA,NA,NA,NA,NA,NA,NA,NA,NA,103,79,109,106,143,79,103.2
"Armon Binns (MIA) WR","Armon Binns (MIA)","WR",0,11.6,9,115.5,0,0,0,0,NA,NA,NA,NA,NA,NA,NA,NA,NA,NA,NA,NA
"Arrelious Benn (PHI) WR","Arrelious Benn (PHI)","WR",0,30.3,18,258,0.8,0,0,0,NA,NA,NA,NA,NA,NA,NA,NA,NA,NA,NA,NA
"Arthur Lynch (MIA) TE","Arthur Lynch (MIA)","TE",0,14.1,9.5,111,0.5,NA,NA,NA,NA,NA,NA,NA,NA,NA,NA,NA,NA,NA,NA,NA
"Austin Davis (STL) QB","Austin Davis (STL)","QB",0,33.2,NA,NA,NA,7.3,10.5,0,103.5,60.3,569.5,4.2,3.7,NA,NA,NA,NA,NA,NA,NA
"Austin Pettis (STL) WR","Austin Pettis (STL)","WR",0,29.2,19.7,219.5,1.2,0,0,0,NA,NA,NA,NA,NA,NA,NA,NA,NA,NA,NA,NA
"Austin Seferian-Jenkins (TB) TE","Austin Seferian-Jenkins (TB)","TE",0,51.5,27.4,316.8,3.3,NA,NA,NA,NA,NA,NA,NA,NA,NA,NA,NA,NA,NA,NA,NA
"Baltimore Ravens Defense DST","Baltimore Ravens Defense","DST",NA,NA,NA,NA,NA,NA,NA,NA,NA,NA,NA,NA,NA,184,NA,179,191,NA,139,169.7
"Bear Pascoe (ATL) TE","Bear Pascoe (ATL)","TE",0,11.9,9.8,96,0.4,NA,NA,NA,NA,NA,NA,NA,NA,NA,NA,NA,NA,NA,NA,NA
"Ben Roethlisberger (PIT) QB","Ben Roethlisberger (PIT)","QB",3.5,265.2,NA,NA,NA,28,90.5,1,583.5,371.3,4267.8,28.4,13.6,121,125,122,107,131,128,122.6
"Ben Tate (CLE) RB","Ben Tate (CLE)","RB",3,155.5,29.1,201.3,0.2,229.4,1005.4,6.6,NA,NA,NA,NA,NA,66,107,39,64,60,66,67.2
"Benjamin Watson (NO) TE","Benjamin Watson (NO)","TE",0,31.3,19.6,215.4,1.6,NA,NA,NA,NA,NA,NA,NA,NA,NA,NA,NA,NA,NA,NA,NA
"BenJarvus Green-Ellis (CIN) RB","BenJarvus Green-Ellis (CIN)","RB",0.5,40.2,3.8,24.9,0,71.3,273,1.9,NA,NA,NA,NA,NA,NA,NA,NA,NA,NA,NA,NA
"Benny Cunningham (STL) RB","Benny Cunningham (STL)","RB",1,52.7,8.7,62.5,0,81.9,358.1,2.1,NA,NA,NA,NA,NA,NA,NA,NA,NA,NA,NA,NA
"Bernard Pierce (BAL) RB","Bernard Pierce (BAL)","RB",0,110.1,20.2,136.5,0.3,158.7,664.9,4.7,NA,NA,NA,NA,NA,119,138,136,119,87,121,120.2
"Bilal Powell (NYJ) RB","Bilal Powell (NYJ)","RB",0,50.5,21.5,160.7,0.3,62.2,254,1.2,NA,NA,NA,NA,NA,NA,NA,NA,NA,NA,NA,NA
"Bishop Sankey (TEN) RB","Bishop Sankey (TEN)","RB",1.5,164.6,31.4,241.1,1,235.4,1014.9,6,NA,NA,NA,NA,NA,57,70,79,46,50,62,61.4
"Blaine Gabbert (SF) QB","Blaine Gabbert (SF)","QB",0,7.3,NA,NA,NA,1.9,3.4,0,13.6,8.6,99,0.8,0,NA,NA,NA,NA,NA,NA,NA
"Blair Walsh (MIN) K","Blair Walsh (MIN)","K",NA,NA,NA,NA,NA,NA,NA,NA,NA,NA,NA,NA,NA,175,189,186,219,187,123,180.8
"Blake Bortles (JAC) QB","Blake Bortles (JAC)","QB",2,83.2,NA,NA,NA,20.5,75.7,1.1,192,114.9,1320.7,8.2,6.3,242,NA,NA,211,NA,NA,211
"Bobby Rainey (TB) RB","Bobby Rainey (TB)","RB",0,44.6,11.6,83.1,0.3,68.2,278.5,1.1,NA,NA,NA,NA,NA,NA,NA,NA,NA,NA,NA,NA
"Brad Smelley (HOU) TE","Brad Smelley (HOU)","TE",0,0.9,1.5,9,0,NA,NA,NA,NA,NA,NA,NA,NA,NA,NA,NA,NA,NA,NA,NA
"Brad Smith (PHI) WR","Brad Smith (PHI)","WR",0,4.1,3,40.5,0,0,0,0,NA,NA,NA,NA,NA,NA,NA,NA,NA,NA,NA,NA
"Brad Sorensen (SD) QB","Brad Sorensen (SD)","QB",0,0,NA,NA,NA,0,0,0,0,0,0,0,0,NA,NA,NA,NA,NA,NA,NA
"Brandin Cooks (NO) WR","Brandin Cooks (NO)","WR",1,111,53.7,768,5.6,4.5,26,0,NA,NA,NA,NA,NA,102,109,126,92,71,118,103.2
"Brandon Barden (JAC) TE","Brandon Barden (JAC)","TE",0,3.1,2.3,30.8,0,NA,NA,NA,NA,NA,NA,NA,NA,NA,NA,NA,NA,NA,NA,NA
"Brandon Bolden (NE) RB","Brandon Bolden (NE)","RB",0,42.1,11.5,75.1,0,55.2,255.6,1.5,NA,NA,NA,NA,NA,NA,NA,NA,NA,NA,NA,NA
"Brandon Bostick (GB) TE","Brandon Bostick (GB)","TE",0.5,46.9,23.3,323.2,2.6,NA,NA,NA,NA,NA,NA,NA,NA,NA,NA,NA,NA,NA,NA,NA
"Brandon Gibson (MIA) WR","Brandon Gibson (MIA)","WR",0,54.7,35.8,426.9,2,0,0,0,NA,NA,NA,NA,NA,NA,NA,NA,NA,NA,NA,NA
"Brandon LaFell (NE) WR","Brandon LaFell (NE)","WR",0.5,64.6,32.1,475.6,2.9,1,6,0,NA,NA,NA,NA,NA,205,165,183,208,NA,NA,185.3
"Brandon Lloyd (SF) WR","Brandon Lloyd (SF)","WR",0,31.2,16.3,222.1,1.5,0,0,0,NA,NA,NA,NA,NA,NA,NA,NA,NA,NA,NA,NA
"Brandon Marshall (CHI) WR","Brandon Marshall (CHI)","WR",0,189.7,100.5,1255.1,10.7,0,0,0,NA,NA,NA,NA,NA,17,14,18,19,15,18,16.8
"Brandon Myers (TB) TE","Brandon Myers (TB)","TE",0,33.2,21.9,235.6,1.6,NA,NA,NA,NA,NA,NA,NA,NA,NA,NA,NA,NA,NA,NA,NA
"Brandon Pettigrew (DET) TE","Brandon Pettigrew (DET)","TE",1,44.3,28,283.1,3,NA,NA,NA,NA,NA,NA,NA,NA,NA,NA,NA,NA,NA,NA,NA
"Brandon Tate (CIN) WR","Brandon Tate (CIN)","WR",1,4.5,5.3,65.3,0,0,0,0,NA,NA,NA,NA,NA,NA,NA,NA,NA,NA,NA,NA
"Brandon Weeden (DAL) QB","Brandon Weeden (DAL)","QB",0.5,13.2,NA,NA,NA,1,2,0,42.1,25,293.8,1.2,1.3,NA,NA,NA,NA,NA,NA,NA
"Brandon Williams (ARI) TE","Brandon Williams (ARI)","TE",0,0.9,1.5,9,0,NA,NA,NA,NA,NA,NA,NA,NA,NA,NA,NA,NA,NA,NA,NA
"Brent Celek (PHI) TE","Brent Celek (PHI)","TE",0.5,61.3,34.8,424.9,3.3,NA,NA,NA,NA,NA,NA,NA,NA,201,149,NA,216,NA,190,185
"Brenton Bersin (CAR) WR","Brenton Bersin (CAR)","WR",0,22.8,10,197.5,0.5,0,0,0,NA,NA,NA,NA,NA,NA,NA,NA,NA,NA,NA,NA
"Brian Hartline (MIA) WR","Brian Hartline (MIA)","WR",1,102.5,67.6,906.8,2.3,0,0,0,NA,NA,NA,NA,NA,172,193,188,157,173,155,173.2
"Brian Hoyer (CLE) QB","Brian Hoyer (CLE)","QB",1.5,57.1,NA,NA,NA,12.6,32.5,0,148.3,90.1,1005.9,7.5,6.7,NA,NA,NA,NA,NA,NA,NA
"Brian Quick (STL) WR","Brian Quick (STL)","WR",0,65.6,34,476.3,3,0,0,0,NA,NA,NA,NA,NA,NA,NA,NA,NA,NA,NA,NA
"Brice Butler (OAK) WR","Brice Butler (OAK)","WR",0,21.1,10.5,165.8,0.8,0,0,0,NA,NA,NA,NA,NA,NA,NA,NA,NA,NA,NA,NA
"Brittan Golden (ARI) WR","Brittan Golden (ARI)","WR",0,8.6,6,85.5,0,0,0,0,NA,NA,NA,NA,NA,NA,NA,NA,NA,NA,NA,NA
"Brock Osweiler (DEN) QB","Brock Osweiler (DEN)","QB",0,2.9,NA,NA,NA,1.3,0.3,0,10.5,6.3,72.5,0,0,NA,NA,NA,NA,NA,NA,NA
"Bruce Ellington (SF) WR","Bruce Ellington (SF)","WR",0,21.1,12,180.5,0.5,0,0,0,NA,NA,NA,NA,NA,NA,NA,NA,NA,NA,NA,NA
"Bruce Gradkowski (PIT) QB","Bruce Gradkowski (PIT)","QB",0,17.2,NA,NA,NA,3.5,13.5,0,48.5,28,297,2,2,NA,NA,NA,NA,NA,NA,NA
"Bruce Miller (SF) RB","Bruce Miller (SF)","RB",0,17.6,15.5,124,0,6,21.5,0.5,NA,NA,NA,NA,NA,NA,NA,NA,NA,NA,NA,NA
"Bryce Brown (BUF) RB","Bryce Brown (BUF)","RB",1.5,40,6.1,44.4,0,66.7,295.7,1.5,NA,NA,NA,NA,NA,NA,NA,NA,NA,NA,NA,NA
"Buffalo Bills Defense DST","Buffalo Bills Defense","DST",NA,NA,NA,NA,NA,NA,NA,NA,NA,NA,NA,NA,NA,179,NA,169,183,NA,141,164.3
"C.J. Anderson (DEN) RB","C.J. Anderson (DEN)","RB",0.5,58.7,13.1,93,0.3,84.7,353.8,2.2,NA,NA,NA,NA,NA,222,NA,177,NA,NA,NA,177
"C.J. Fiedorowicz (HOU) TE","C.J. Fiedorowicz (HOU)","TE",0,41.8,21.3,262.1,2.6,NA,NA,NA,NA,NA,NA,NA,NA,NA,NA,NA,NA,NA,NA,NA
"C.J. Spiller (BUF) RB","C.J. Spiller (BUF)","RB",2.5,160.4,36.2,274.3,1.1,207.1,1019.9,4.9,NA,NA,NA,NA,NA,40,41,44,42,36,41,40.8
"Caleb Sturgis (MIA) K","Caleb Sturgis (MIA)","K",NA,NA,NA,NA,NA,NA,NA,NA,NA,NA,NA,NA,NA,245,NA,NA,224,NA,NA,224
"Calvin Johnson (DET) WR","Calvin Johnson (DET)","WR",1,229.7,93.8,1578.6,12.3,0,0,0,NA,NA,NA,NA,NA,5,6,7,6,5,7,6.2
"Cam Newton (CAR) QB","Cam Newton (CAR)","QB",3,287.4,NA,NA,NA,103,546.8,6.1,480.2,288.9,3572.1,22,14.4,54,50,38,79,83,48,59.6
"Carlos Hyde (SF) RB","Carlos Hyde (SF)","RB",1,101.1,13.1,94.4,0.3,142.7,630.5,4.8,NA,NA,NA,NA,NA,122,118,138,122,95,151,124.8
"Carolina Panthers Defense DST","Carolina Panthers Defense","DST",NA,NA,NA,NA,NA,NA,NA,NA,NA,NA,NA,NA,NA,82,69,78,105,120,64,87.2
"Carson Palmer (ARI) QB","Carson Palmer (ARI)","QB",3.5,244.1,NA,NA,NA,19.1,12.8,0,568.3,354.8,4345.1,28.4,18.8,157,NA,143,123,145,199,152.5
"Case Keenum (HOU) QB","Case Keenum (HOU)","QB",0,44.3,NA,NA,NA,12,43.5,0,112,65.5,748.5,4.5,4,NA,NA,NA,NA,NA,NA,NA
"Cecil Shorts (JAC) WR","Cecil Shorts (JAC)","WR",0,106,59.7,813.6,4.1,0,0,0,NA,NA,NA,NA,NA,130,120,104,150,140,140,130.8
"Cedric Peerman (CIN) RB","Cedric Peerman (CIN)","RB",0,12.7,7,56.5,0,15,70,0,NA,NA,NA,NA,NA,NA,NA,NA,NA,NA,NA,NA
"Chad Henne (JAC) QB","Chad Henne (JAC)","QB",2,125.2,NA,NA,NA,19.1,50.5,0,372,215.3,2463.5,12,11.2,NA,NA,NA,NA,NA,NA,NA
"Charles Clay (MIA) TE","Charles Clay (MIA)","TE",1,93.7,56.1,656.7,5,NA,NA,NA,NA,NA,NA,NA,NA,146,160,156,158,149,129,150.4
"Charles Johnson (CLE) WR","Charles Johnson (CLE)","WR",0,18.6,11.8,163.4,0.4,0,0,0,NA,NA,NA,NA,NA,NA,NA,NA,NA,NA,NA,NA
"Charles Sims (TB) RB","Charles Sims (TB)","RB",1,27.5,11.6,100.6,1,25.9,112,0.4,NA,NA,NA,NA,NA,NA,NA,NA,NA,NA,NA,NA
"Charlie Whitehurst (TEN) QB","Charlie Whitehurst (TEN)","QB",1.5,32.7,NA,NA,NA,12.1,45.4,0,94.4,54.5,585.6,3.5,3.1,NA,NA,NA,NA,NA,NA,NA
"Chase Daniel (KC) QB","Chase Daniel (KC)","QB",0,6.8,NA,NA,NA,2.5,3,0,21,12.5,138.5,0.5,0.5,NA,NA,NA,NA,NA,NA,NA
"Chase Ford (MIN) TE","Chase Ford (MIN)","TE",0,8.5,6.5,85,0,NA,NA,NA,NA,NA,NA,NA,NA,NA,NA,NA,NA,NA,NA,NA
"Chicago Bears Defense DST","Chicago Bears Defense","DST",NA,NA,NA,NA,NA,NA,NA,NA,NA,NA,NA,NA,NA,159,131,NA,160,181,144,154
"Chris Givens (STL) WR","Chris Givens (STL)","WR",0.5,62.2,33.8,508.6,1.8,2,15.5,0,NA,NA,NA,NA,NA,NA,NA,NA,NA,NA,NA,NA
"Chris Gragg (BUF) TE","Chris Gragg (BUF)","TE",0,8.4,5.6,61.9,0.4,NA,NA,NA,NA,NA,NA,NA,NA,NA,NA,NA,NA,NA,NA,NA
"Chris Hogan (BUF) WR","Chris Hogan (BUF)","WR",0,26.1,15,200.5,1,0,0,0,NA,NA,NA,NA,NA,NA,NA,NA,NA,NA,NA,NA
"Chris Johnson (NYJ) RB","Chris Johnson (NYJ)","RB",2.5,158.8,38,291.4,1.4,230.1,956.1,5.1,NA,NA,NA,NA,NA,62,88,59,60,59,57,64.6
"Chris Ogbonnaya (CLE) RB","Chris Ogbonnaya (CLE)","RB",1,20.5,16.5,115.3,0.3,22.5,91.5,0,NA,NA,NA,NA,NA,NA,NA,NA,NA,NA,NA,NA
"Chris Owusu (TB) WR","Chris Owusu (TB)","WR",0,23.9,18.1,197.2,0.7,0,0,0,NA,NA,NA,NA,NA,NA,NA,NA,NA,NA,NA,NA
"Chris Polk (PHI) RB","Chris Polk (PHI)","RB",0.5,46.5,9.5,70.2,0,61.3,278.6,2.1,NA,NA,NA,NA,NA,NA,NA,NA,NA,NA,NA,NA
"Chris Rainey (IND) RB","Chris Rainey (IND)","RB",0,11,6.8,59.3,0,11.3,50.3,0,NA,NA,NA,NA,NA,NA,NA,NA,NA,NA,NA,NA
"Chris Thompson (WAS) RB","Chris Thompson (WAS)","RB",0,8.2,4,38.5,0,9,43.5,0,NA,NA,NA,NA,NA,NA,NA,NA,NA,NA,NA,NA
"Christian Ponder (MIN) QB","Christian Ponder (MIN)","QB",0,2.2,NA,NA,NA,3,0,0,10,5,55,0,0,NA,NA,NA,NA,NA,NA,NA
"Christine Michael (SEA) RB","Christine Michael (SEA)","RB",1,87.4,10.6,86,0.3,120.7,580.2,3.5,NA,NA,NA,NA,NA,154,164,148,142,136,197,157.4
"Christopher Ivory (NYJ) RB","Christopher Ivory (NYJ)","RB",1.5,94.4,3.4,19.2,0,149.5,666.6,4.8,NA,NA,NA,NA,NA,148,173,119,159,147,159,151.4
"Cierre Wood (BAL) RB","Cierre Wood (BAL)","RB",0,0,0,0,0,0,0,0,NA,NA,NA,NA,NA,NA,NA,NA,NA,NA,NA,NA
"Cincinnati Bengals Defense DST","Cincinnati Bengals Defense","DST",NA,NA,NA,NA,NA,NA,NA,NA,NA,NA,NA,NA,NA,108,80,117,141,144,72,110.8
"Clay Harbor (JAC) TE","Clay Harbor (JAC)","TE",0,25.5,17.2,189.1,1.1,NA,NA,NA,NA,NA,NA,NA,NA,NA,NA,NA,NA,NA,NA,NA
"Cleveland Browns Defense DST","Cleveland Browns Defense","DST",NA,NA,NA,NA,NA,NA,NA,NA,NA,NA,NA,NA,NA,168,175,178,195,178,133,171.8
"Clyde Gates (NYJ) WR","Clyde Gates (NYJ)","WR",0,8.4,8.3,84,0,0,0,0,NA,NA,NA,NA,NA,NA,NA,NA,NA,NA,NA,NA
"Coby Fleener (IND) TE","Coby Fleener (IND)","TE",0,69.6,38.5,461.9,3.9,NA,NA,NA,NA,NA,NA,NA,NA,210,NA,155,201,NA,NA,178
"Cody Latimer (DEN) WR","Cody Latimer (DEN)","WR",0,45.6,25.4,329.8,2.1,0,0,0,NA,NA,NA,NA,NA,NA,NA,NA,NA,NA,NA,NA
"Cole Beasley (DAL) WR","Cole Beasley (DAL)","WR",0,51.3,36,386.6,2.1,0,0,0,NA,NA,NA,NA,NA,NA,NA,NA,NA,NA,NA,NA
"Colin Kaepernick (SF) QB","Colin Kaepernick (SF)","QB",2,294.2,NA,NA,NA,89.6,488.4,4.1,473.3,281.1,3709.5,24.9,11.6,74,101,64,50,100,68,76.6
"Collin Mooney (TEN) RB","Collin Mooney (TEN)","RB",0,6.2,3.5,20,0,3.5,12,0.5,NA,NA,NA,NA,NA,NA,NA,NA,NA,NA,NA,NA
"Colt McCoy (WAS) QB","Colt McCoy (WAS)","QB",0,0,NA,NA,NA,0,0,0,0,0,0,0,0,NA,NA,NA,NA,NA,NA,NA
"Connor Barth (TB) K","Connor Barth (TB)","K",NA,NA,NA,NA,NA,NA,NA,NA,NA,NA,NA,NA,NA,230,184,NA,NA,NA,NA,184
"Cordarrelle Patterson (MIN) WR","Cordarrelle Patterson (MIN)","WR",0,150.6,69.1,928.8,6.7,13.5,115.5,1,NA,NA,NA,NA,NA,50,44,62,57,44,50,51.4
"Corey Fuller (DET) WR","Corey Fuller (DET)","WR",0,3.2,2.3,32.3,0,0,0,0,NA,NA,NA,NA,NA,NA,NA,NA,NA,NA,NA,NA
"Cory Harkey (STL) TE","Cory Harkey (STL)","TE",0,18.2,12.5,121.5,1,NA,NA,NA,NA,NA,NA,NA,NA,NA,NA,NA,NA,NA,NA,NA
"Craig Stevens (TEN) TE","Craig Stevens (TEN)","TE",0,7.1,6.5,71,0,NA,NA,NA,NA,NA,NA,NA,NA,NA,NA,NA,NA,NA,NA,NA
"Crockett Gillmore (BAL) TE","Crockett Gillmore (BAL)","TE",0,10.7,6,77,0.5,NA,NA,NA,NA,NA,NA,NA,NA,NA,NA,NA,NA,NA,NA,NA
"Curtis Painter (NYG) QB","Curtis Painter (NYG)","QB",0,0,NA,NA,NA,0,0,0,0,0,0,0,0,NA,NA,NA,NA,NA,NA,NA
"Cyrus Gray (KC) RB","Cyrus Gray (KC)","RB",0,13.3,7,48,0,12,55,0.5,NA,NA,NA,NA,NA,NA,NA,NA,NA,NA,NA,NA
"D.J. Williams (NE) TE","D.J. Williams (NE)","TE",0,7.6,5.8,60.5,0.3,NA,NA,NA,NA,NA,NA,NA,NA,NA,NA,NA,NA,NA,NA,NA
"Da'Rick Rogers (IND) WR","Da'Rick Rogers (IND)","WR",0,25.8,13.7,178,1.3,0,0,0,NA,NA,NA,NA,NA,NA,NA,NA,NA,NA,NA,NA
"Dallas Cowboys Defense DST","Dallas Cowboys Defense","DST",NA,NA,NA,NA,NA,NA,NA,NA,NA,NA,NA,NA,NA,195,136,NA,NA,NA,193,164.5
"Damaris Johnson (PHI) WR","Damaris Johnson (PHI)","WR",1,11.4,9.4,111.3,0.4,0,0,0,NA,NA,NA,NA,NA,NA,NA,NA,NA,NA,NA,NA
"Damian Williams (MIA) WR","Damian Williams (MIA)","WR",0,30.8,18.9,247.8,1,0,0,0,NA,NA,NA,NA,NA,NA,NA,NA,NA,NA,NA,NA
"Damien Williams (MIA) RB","Damien Williams (MIA)","RB",0,0,0,0,0,0,0,0,NA,NA,NA,NA,NA,NA,NA,NA,NA,NA,NA,NA
"Dan Bailey (DAL) K","Dan Bailey (DAL)","K",NA,NA,NA,NA,NA,NA,NA,NA,NA,NA,NA,NA,NA,145,105,182,173,183,95,147.6
"Dan Carpenter (BUF) K","Dan Carpenter (BUF)","K",NA,NA,NA,NA,NA,NA,NA,NA,NA,NA,NA,NA,NA,224,180,NA,235,NA,NA,207.5
"Dan Herron (IND) RB","Dan Herron (IND)","RB",0.8,17.5,1.5,12.5,0,38.5,147.5,0.5,NA,NA,NA,NA,NA,NA,NA,NA,NA,NA,NA,NA
"Dan Orlovsky (DET) QB","Dan Orlovsky (DET)","QB",0,0,NA,NA,NA,0,0,0,0,0,0,0,0,NA,NA,NA,NA,NA,NA,NA
"Dane Sanzenbacher (CIN) WR","Dane Sanzenbacher (CIN)","WR",0,16,11,129.5,0.5,0,0,0,NA,NA,NA,NA,NA,NA,NA,NA,NA,NA,NA,NA
"Daniel Fells (NYG) TE","Daniel Fells (NYG)","TE",0,4.8,4.5,47.5,0,NA,NA,NA,NA,NA,NA,NA,NA,NA,NA,NA,NA,NA,NA,NA
"Daniel Thomas (MIA) RB","Daniel Thomas (MIA)","RB",0.5,41.5,10.5,72.9,0,63.6,246.6,1.8,NA,NA,NA,NA,NA,NA,NA,NA,NA,NA,NA,NA
"Danny Amendola (NE) WR","Danny Amendola (NE)","WR",0.5,92.8,59.8,698.1,4,0,0,0,NA,NA,NA,NA,NA,142,179,112,145,121,170,145.4
"Danny Woodhead (SD) RB","Danny Woodhead (SD)","RB",1,122.3,65.1,563.6,4,84.3,349.6,1.5,NA,NA,NA,NA,NA,109,142,103,103,98,111,111.4
"Dante Rosario (CHI) TE","Dante Rosario (CHI)","TE",0,13.2,6.8,87.4,0.8,NA,NA,NA,NA,NA,NA,NA,NA,NA,NA,NA,NA,NA,NA,NA
"Darius Johnson (ATL) WR","Darius Johnson (ATL)","WR",0,21.1,12.8,165.8,0.8,0,0,0,NA,NA,NA,NA,NA,NA,NA,NA,NA,NA,NA,NA
"Darrel Young (WAS) RB","Darrel Young (WAS)","RB",0,29.5,8.5,92,0.5,13.5,53,2,NA,NA,NA,NA,NA,NA,NA,NA,NA,NA,NA,NA
"Darren Fells (ARI) TE","Darren Fells (ARI)","TE",0,4.1,3.8,40.5,0,NA,NA,NA,NA,NA,NA,NA,NA,NA,NA,NA,NA,NA,NA,NA
"Darren McFadden (OAK) RB","Darren McFadden (OAK)","RB",2,92.9,25.7,183.8,0.6,124.5,515.6,3.9,NA,NA,NA,NA,NA,128,146,128,137,115,126,130.4
"Darren Sproles (PHI) RB","Darren Sproles (PHI)","RB",0.5,103.2,65.9,541.8,2.8,58.8,253.9,1.3,NA,NA,NA,NA,NA,99,127,92,100,85,103,101.4
"Darrius Heyward-Bey (PIT) WR","Darrius Heyward-Bey (PIT)","WR",0.5,36.2,22,341.5,0.5,0,0,0,NA,NA,NA,NA,NA,NA,NA,NA,NA,NA,NA,NA
"Daryl Richardson (NYJ) RB","Daryl Richardson (NYJ)","RB",0.5,12,7.5,62.7,0,15.8,67.4,0,NA,NA,NA,NA,NA,NA,NA,NA,NA,NA,NA,NA
"Davante Adams (GB) WR","Davante Adams (GB)","WR",1,57.7,28.1,416.7,3,0,0,0,NA,NA,NA,NA,NA,NA,NA,NA,NA,NA,NA,NA
"David Akers K","David Akers","K",NA,NA,NA,NA,NA,NA,NA,NA,NA,NA,NA,NA,NA,216,168,NA,NA,NA,NA,168
"David Ausberry (OAK) TE","David Ausberry (OAK)","TE",0,22.7,13.9,166.8,1,NA,NA,NA,NA,NA,NA,NA,NA,NA,NA,NA,NA,NA,NA,NA
"David Johnson (SD) TE","David Johnson (SD)","TE",0,5,5.3,50.3,0,NA,NA,NA,NA,NA,NA,NA,NA,NA,NA,NA,NA,NA,NA,NA
"David Nelson (NYJ) WR","David Nelson (NYJ)","WR",0,40.8,27.7,330.1,1.3,0,0,0,NA,NA,NA,NA,NA,NA,NA,NA,NA,NA,NA,NA
"David Paulson (PIT) TE","David Paulson (PIT)","TE",0,11,10.4,110.1,0,NA,NA,NA,NA,NA,NA,NA,NA,NA,NA,NA,NA,NA,NA,NA
"De'Anthony Thomas (KC) RB","De'Anthony Thomas (KC)","RB",0,29.9,18.8,142.1,0.7,18.3,79.2,0.6,NA,NA,NA,NA,NA,NA,NA,NA,NA,NA,NA,NA
"DeAndre Hopkins (HOU) WR","DeAndre Hopkins (HOU)","WR",0.5,105.4,59,793.6,4.5,0,0,0,NA,NA,NA,NA,NA,125,143,107,144,122,124,128
"DeAngelo Williams (CAR) RB","DeAngelo Williams (CAR)","RB",1.5,121,24.8,211.1,1,179.7,753,3.6,NA,NA,NA,NA,NA,117,157,100,114,110,113,118.8
"Deji Karim RB","Deji Karim","RB",0,0,0,0,0,0,0,0,NA,NA,NA,NA,NA,NA,NA,NA,NA,NA,NA,NA
"Delanie Walker (TEN) TE","Delanie Walker (TEN)","TE",0.5,93.6,58,610.1,5.6,NA,NA,NA,NA,NA,NA,NA,NA,187,NA,171,165,NA,178,171.3
"DeMarco Murray (DAL) RB","DeMarco Murray (DAL)","RB",2,207.2,54.6,404.6,1,231,1131.6,8.6,NA,NA,NA,NA,NA,13,15,17,12,14,11,13.8
"Demaryius Thomas (DEN) WR","Demaryius Thomas (DEN)","WR",0.5,219.4,94.8,1441.6,12.7,0,0,0,NA,NA,NA,NA,NA,10,8,13,11,8,13,10.6
"Demetrius Harris (KC) TE","Demetrius Harris (KC)","TE",0,13.3,9.2,113.2,0.3,NA,NA,NA,NA,NA,NA,NA,NA,NA,NA,NA,NA,NA,NA,NA
"Denard Robinson (JAC) RB","Denard Robinson (JAC)","RB",1.5,48.9,13.7,115.8,0.5,62.4,282.7,1.5,NA,NA,NA,NA,NA,NA,NA,NA,NA,NA,NA,NA
"Denarius Moore (OAK) WR","Denarius Moore (OAK)","WR",1.5,63.2,31.9,506,2.6,0,0,0,NA,NA,NA,NA,NA,NA,NA,NA,NA,NA,NA,NA
"Dennis Johnson (HOU) RB","Dennis Johnson (HOU)","RB",0,16.7,8.3,57.8,0,26.3,108.8,0,NA,NA,NA,NA,NA,NA,NA,NA,NA,NA,NA,NA
"Dennis Pitta (BAL) TE","Dennis Pitta (BAL)","TE",0,121.4,66.5,793.8,7,NA,NA,NA,NA,NA,NA,NA,NA,77,87,86,74,99,63,81.8
"Denver Broncos Defense DST","Denver Broncos Defense","DST",NA,NA,NA,NA,NA,NA,NA,NA,NA,NA,NA,NA,NA,100,98,90,108,124,88,101.6
"Deonte Thompson (BAL) WR","Deonte Thompson (BAL)","WR",0,8.6,9,86.3,0,0,0,0,NA,NA,NA,NA,NA,NA,NA,NA,NA,NA,NA,NA
"Derek Anderson (CAR) QB","Derek Anderson (CAR)","QB",0,10.1,NA,NA,NA,1.4,4.1,0,19.8,12.5,136.5,1.4,0.6,NA,NA,NA,NA,NA,NA,NA
"Derek Carr (OAK) QB","Derek Carr (OAK)","QB",2,40.5,NA,NA,NA,8,21.7,0,126.8,77.7,848.8,4.5,4.8,NA,NA,NA,NA,NA,NA,NA
"Derek Moye (PIT) WR","Derek Moye (PIT)","WR",0,20.4,11.3,159,0.8,0,0,0,NA,NA,NA,NA,NA,NA,NA,NA,NA,NA,NA,NA
"Derrick Coleman (SEA) RB","Derrick Coleman (SEA)","RB",0,17.7,9.5,66,1,5.5,20.5,0.5,NA,NA,NA,NA,NA,NA,NA,NA,NA,NA,NA,NA
"DeSean Jackson (WAS) WR","DeSean Jackson (WAS)","WR",0.5,141,59.7,969.9,7.1,3.5,24,0,NA,NA,NA,NA,NA,51,45,45,63,55,54,52.4
"Detroit Lions Defense DST","Detroit Lions Defense","DST",NA,NA,NA,NA,NA,NA,NA,NA,NA,NA,NA,NA,NA,198,135,NA,239,NA,NA,187
"DeVier Posey (HOU) WR","DeVier Posey (HOU)","WR",0,29.7,20,243.4,0.9,0,0,0,NA,NA,NA,NA,NA,NA,NA,NA,NA,NA,NA,NA
"Devin Hester (ATL) WR","Devin Hester (ATL)","WR",0,16,7,129.5,0.5,0,0,0,NA,NA,NA,NA,NA,NA,NA,NA,NA,NA,NA,NA
"Devin Street (DAL) WR","Devin Street (DAL)","WR",0,46.3,23.5,342.5,2,0,0,0,NA,NA,NA,NA,NA,NA,NA,NA,NA,NA,NA,NA
"Devonta Freeman (ATL) RB","Devonta Freeman (ATL)","RB",1,101.8,34.3,277.5,1.1,105.2,508.4,3.1,NA,NA,NA,NA,NA,143,158,161,112,102,195,145.6
"Dexter McCluster (TEN) RB","Dexter McCluster (TEN)","RB",1.5,83.5,50.3,426.3,2,62.1,270.6,0.8,NA,NA,NA,NA,NA,NA,NA,NA,NA,NA,NA,NA
"Dexter McCluster (TEN) WR","Dexter McCluster (TEN)","WR",0,83.3,53,476,2,43,177,1,NA,NA,NA,NA,NA,209,NA,181,174,NA,NA,177.5
"Dez Bryant (DAL) WR","Dez Bryant (DAL)","WR",1,200.9,96,1323,11.7,0.5,4,0,NA,NA,NA,NA,NA,11,10,16,14,11,12,12.6
"Dion Lewis (CLE) RB","Dion Lewis (CLE)","RB",0,13.5,2.3,18.3,0,20.6,94.1,0.4,NA,NA,NA,NA,NA,NA,NA,NA,NA,NA,NA,NA
"Dion Sims (MIA) TE","Dion Sims (MIA)","TE",0,17.1,9.8,125.6,0.8,NA,NA,NA,NA,NA,NA,NA,NA,NA,NA,NA,NA,NA,NA,NA
"Donald Brown (SD) RB","Donald Brown (SD)","RB",0,65.5,16.3,131.9,0.5,84.6,372.9,2,NA,NA,NA,NA,NA,213,NA,159,222,NA,NA,190.5
"Donnie Avery (KC) WR","Donnie Avery (KC)","WR",0,76.2,42.5,594.3,2.7,1.5,6,0,NA,NA,NA,NA,NA,NA,NA,NA,NA,NA,NA,NA
"Donte Moncrief (IND) WR","Donte Moncrief (IND)","WR",0,28.8,14.9,242.5,0.8,0,0,0,NA,NA,NA,NA,NA,NA,NA,NA,NA,NA,NA,NA
"Doug Baldwin (SEA) WR","Doug Baldwin (SEA)","WR",0.5,99.8,54.5,742.9,4.3,1,7,0,NA,NA,NA,NA,NA,178,181,173,166,NA,172,173
"Doug Martin (TB) RB","Doug Martin (TB)","RB",2,194.2,35.7,271.2,1.2,275.7,1188.9,7.5,NA,NA,NA,NA,NA,23,32,15,25,25,22,23.8
"Drew Brees (NO) QB","Drew Brees (NO)","QB",1.5,336,NA,NA,NA,27.5,50.9,0.5,640,427,5052.5,39.2,14,12,16,11,8,18,16,13.8
"Drew Davis (ATL) WR","Drew Davis (ATL)","WR",0,32.6,18.5,265.9,1,0,0,0,NA,NA,NA,NA,NA,NA,NA,NA,NA,NA,NA,NA
"Drew Stanton (ARI) QB","Drew Stanton (ARI)","QB",0,0.8,NA,NA,NA,0,0,0,2.5,1.5,21,0,0,NA,NA,NA,NA,NA,NA,NA
"Dri Archer (PIT) RB","Dri Archer (PIT)","RB",0.5,38.5,20,190.2,0.9,23.9,114.7,0.6,NA,NA,NA,NA,NA,NA,NA,NA,NA,NA,NA,NA
"DuJuan Harris (GB) RB","DuJuan Harris (GB)","RB",0,27.3,6,40.9,0,44.3,187.5,0.8,NA,NA,NA,NA,NA,NA,NA,NA,NA,NA,NA,NA
"Dwayne Allen (IND) TE","Dwayne Allen (IND)","TE",0,85.4,46.5,559.7,4.9,NA,NA,NA,NA,NA,NA,NA,NA,223,NA,NA,184,NA,194,189
"Dwayne Bowe (KC) WR","Dwayne Bowe (KC)","WR",0.5,110.5,63.3,791.1,5.4,0,0,0,NA,NA,NA,NA,NA,115,124,125,117,107,117,118
"Dwayne Harris (DAL) WR","Dwayne Harris (DAL)","WR",0,10.7,7.9,84.8,0.4,0,0,0,NA,NA,NA,NA,NA,NA,NA,NA,NA,NA,NA,NA
"E.J. Manuel (BUF) QB","E.J. Manuel (BUF)","QB",3.5,197.4,NA,NA,NA,82.4,320.9,1.9,457.2,270.2,3016.9,17,13.9,232,NA,NA,188,NA,NA,188
"Earl Bennett (CLE) WR","Earl Bennett (CLE)","WR",0,38.2,24.8,291.8,1.5,0,0,0,NA,NA,NA,NA,NA,NA,NA,NA,NA,NA,NA,NA
"Ed Dickson (CAR) TE","Ed Dickson (CAR)","TE",0,30.6,21.8,233.5,1.2,NA,NA,NA,NA,NA,NA,NA,NA,NA,NA,NA,NA,NA,NA,NA
"Eddie Lacy (GB) RB","Eddie Lacy (GB)","RB",1,218.1,38.4,271.8,1,277,1251,10.3,NA,NA,NA,NA,NA,6,5,8,7,6,6,6.4
"Eddie Royal (SD) WR","Eddie Royal (SD)","WR",0.5,56.3,39.5,470,1.6,1.5,6.5,0,NA,NA,NA,NA,NA,NA,NA,NA,NA,NA,NA,NA
"Edwin Baker (CLE) RB","Edwin Baker (CLE)","RB",0,10.2,3.4,23.1,0,14.9,64.1,0.3,NA,NA,NA,NA,NA,NA,NA,NA,NA,NA,NA,NA
"Eli Manning (NYG) QB","Eli Manning (NYG)","QB",2,225.4,NA,NA,NA,21.8,25.8,0,539.1,335.2,3955.5,25.2,16.1,158,NA,130,154,168,160,153
"Emil Igwenagu (PHI) TE","Emil Igwenagu (PHI)","TE",0,2.5,3,24.8,0,NA,NA,NA,NA,NA,NA,NA,NA,NA,NA,NA,NA,NA,NA,NA
"Emmanuel Sanders (DEN) WR","Emmanuel Sanders (DEN)","WR",0.5,141.7,70.9,997,7,0.5,9.5,0,NA,NA,NA,NA,NA,75,106,72,67,62,89,79.2
"Eric Decker (NYJ) WR","Eric Decker (NYJ)","WR",1,125.9,65.5,918.7,6,0,0,0,NA,NA,NA,NA,NA,91,93,87,96,94,92,92.4
"Eric Ebron (DET) TE","Eric Ebron (DET)","TE",0,81.8,41.3,536.3,4.7,NA,NA,NA,NA,NA,NA,NA,NA,149,183,157,140,146,145,154.2
"Eric Page (TB) WR","Eric Page (TB)","WR",0.8,3.6,3,51,0,0,0,0,NA,NA,NA,NA,NA,NA,NA,NA,NA,NA,NA,NA
"Eric Weems (CHI) WR","Eric Weems (CHI)","WR",0,5.9,6,58.5,0,0,0,0,NA,NA,NA,NA,NA,NA,NA,NA,NA,NA,NA,NA
"Erik Lorig (NO) RB","Erik Lorig (NO)","RB",0,15.5,10.5,75.5,1,5,19.5,0,NA,NA,NA,NA,NA,NA,NA,NA,NA,NA,NA,NA
"Evan Royster (WAS) RB","Evan Royster (WAS)","RB",0,5.5,2.3,16.5,0,9,38.3,0,NA,NA,NA,NA,NA,NA,NA,NA,NA,NA,NA,NA
"Fendi Onobun (JAC) TE","Fendi Onobun (JAC)","TE",0,5.6,4.5,56.3,0,NA,NA,NA,NA,NA,NA,NA,NA,NA,NA,NA,NA,NA,NA,NA
"Fozzy Whittaker (CAR) RB","Fozzy Whittaker (CAR)","RB",0,0,0,0,0,0,0,0,NA,NA,NA,NA,NA,NA,NA,NA,NA,NA,NA,NA
"Frank Gore (SF) RB","Frank Gore (SF)","RB",1,165.2,16.9,138.3,0,243.7,1071.5,7.7,NA,NA,NA,NA,NA,48,64,37,52,42,49,48.8
"Frank Summers (BUF) RB","Frank Summers (BUF)","RB",0,17.7,9,72.5,0.5,12,44.5,0.5,NA,NA,NA,NA,NA,NA,NA,NA,NA,NA,NA,NA
"Fred Jackson (BUF) RB","Fred Jackson (BUF)","RB",1.5,133.5,37.5,308.5,0.7,162.9,690.4,5.4,NA,NA,NA,NA,NA,98,126,98,88,93,101,101.2
"Garrett Celek (SF) TE","Garrett Celek (SF)","TE",0,5.9,5.3,58.5,0,NA,NA,NA,NA,NA,NA,NA,NA,NA,NA,NA,NA,NA,NA,NA
"Garrett Graham (HOU) TE","Garrett Graham (HOU)","TE",0,71.7,44.4,488.8,3.8,NA,NA,NA,NA,NA,NA,NA,NA,231,NA,NA,221,NA,187,204
"Gary Barnidge (CLE) TE","Gary Barnidge (CLE)","TE",0,14,11,104.2,0.6,NA,NA,NA,NA,NA,NA,NA,NA,NA,NA,NA,NA,NA,NA,NA
"Gavin Escobar (DAL) TE","Gavin Escobar (DAL)","TE",0,33,17.8,221.5,1.8,NA,NA,NA,NA,NA,NA,NA,NA,NA,NA,NA,NA,NA,NA,NA
"Geno Smith (NYJ) QB","Geno Smith (NYJ)","QB",3,192.6,NA,NA,NA,50,250.6,2.8,435.6,260.2,2903.7,16.4,12.5,240,NA,NA,199,NA,NA,199
"Gerell Robinson (DEN) TE","Gerell Robinson (DEN)","TE",0,7.3,6,72.8,0,NA,NA,NA,NA,NA,NA,NA,NA,NA,NA,NA,NA,NA,NA,NA
"Giovani Bernard (CIN) RB","Giovani Bernard (CIN)","RB",2.5,200.8,58.1,501.2,2.6,230.4,1076.9,5.4,NA,NA,NA,NA,NA,20,17,27,16,17,20,19.4
"Golden Tate (DET) WR","Golden Tate (DET)","WR",1,135.2,70.7,974.5,6.2,3,25,0,NA,NA,NA,NA,NA,83,96,82,71,79,110,87.6
"Graham Gano (CAR) K","Graham Gano (CAR)","K",NA,NA,NA,NA,NA,NA,NA,NA,NA,NA,NA,NA,NA,254,NA,NA,242,NA,NA,242
"Green Bay Packers Defense DST","Green Bay Packers Defense","DST",NA,NA,NA,NA,NA,NA,NA,NA,NA,NA,NA,NA,NA,167,133,NA,162,NA,156,150.3
"Greg Jennings (MIN) WR","Greg Jennings (MIN)","WR",0.5,94.9,57.8,700.6,4.3,0,0,0,NA,NA,NA,NA,NA,156,185,124,178,150,167,160.8
"Greg Little (OAK) WR","Greg Little (OAK)","WR",0,49.8,28.6,400.1,1.6,0,0,0,NA,NA,NA,NA,NA,NA,NA,NA,NA,NA,NA,NA
"Greg Olsen (CAR) TE","Greg Olsen (CAR)","TE",0.5,112.8,70.5,807.6,5.5,NA,NA,NA,NA,NA,NA,NA,NA,72,60,81,84,89,65,75.8
"Greg Salas (NYJ) WR","Greg Salas (NYJ)","WR",0,15.8,11.3,158.3,0,0,0,0,NA,NA,NA,NA,NA,NA,NA,NA,NA,NA,NA,NA
"Greg Zuerlein (STL) K","Greg Zuerlein (STL)","K",NA,NA,NA,NA,NA,NA,NA,NA,NA,NA,NA,NA,NA,228,195,NA,217,189,NA,200.3
"Griff Whalen (IND) WR","Griff Whalen (IND)","WR",0,26,17,200,1,0,0,0,NA,NA,NA,NA,NA,NA,NA,NA,NA,NA,NA,NA
"Hakeem Nicks (IND) WR","Hakeem Nicks (IND)","WR",0,98.1,46.7,704.7,4.6,0,0,0,NA,NA,NA,NA,NA,132,145,127,130,113,149,132.8
"Harry Douglas (ATL) WR","Harry Douglas (ATL)","WR",0.5,97.5,63.9,786.8,3.3,0,0,0,NA,NA,NA,NA,NA,202,176,NA,167,NA,NA,171.5
"Heath Miller (PIT) TE","Heath Miller (PIT)","TE",1,96.2,61.6,682.2,5,NA,NA,NA,NA,NA,NA,NA,NA,153,NA,146,127,157,154,146
"Henry Hynoski (NYG) RB","Henry Hynoski (NYG)","RB",0,10.6,8.5,61.5,0,4,14.5,0.5,NA,NA,NA,NA,NA,NA,NA,NA,NA,NA,NA,NA
"Houston Texans Defense DST","Houston Texans Defense","DST",NA,NA,NA,NA,NA,NA,NA,NA,NA,NA,NA,NA,NA,139,85,149,170,159,146,141.8
"Indianapolis Colts Defense DST","Indianapolis Colts Defense","DST",NA,NA,NA,NA,NA,NA,NA,NA,NA,NA,NA,NA,NA,219,NA,NA,NA,NA,175,175
"Isaiah Crowell (CLE) RB","Isaiah Crowell (CLE)","RB",0,33.7,9,59.9,0,53.4,239.1,0.6,NA,NA,NA,NA,NA,NA,NA,NA,NA,NA,NA,NA
"Jace Amaro (NYJ) TE","Jace Amaro (NYJ)","TE",0,60.9,31.4,429.2,3,NA,NA,NA,NA,NA,NA,NA,NA,250,NA,NA,233,NA,NA,233
"Jack Doyle (IND) TE","Jack Doyle (IND)","TE",0,5,5,49.5,0,NA,NA,NA,NA,NA,NA,NA,NA,NA,NA,NA,NA,NA,NA,NA
"Jackie Battle (TEN) RB","Jackie Battle (TEN)","RB",0,26.2,2.5,19.5,0,45.5,182.5,1,NA,NA,NA,NA,NA,NA,NA,NA,NA,NA,NA,NA
"Jacob Tamme (DEN) TE","Jacob Tamme (DEN)","TE",0,20.7,13.9,146.5,1,NA,NA,NA,NA,NA,NA,NA,NA,NA,NA,NA,NA,NA,NA,NA
"Jacoby Ford (NYJ) WR","Jacoby Ford (NYJ)","WR",0.8,14.4,10.5,159,0,0,0,0,NA,NA,NA,NA,NA,NA,NA,NA,NA,NA,NA,NA
"Jacoby Jones (BAL) WR","Jacoby Jones (BAL)","WR",0,43.2,25.1,335.9,1.6,0,0,0,NA,NA,NA,NA,NA,NA,NA,NA,NA,NA,NA,NA
"Jacquizz Rodgers (ATL) RB","Jacquizz Rodgers (ATL)","RB",1,57.7,32.7,235.1,1.3,63.7,254.1,0.5,NA,NA,NA,NA,NA,248,NA,NA,229,NA,NA,229
"Jake Ballard (ARI) TE","Jake Ballard (ARI)","TE",0,18.6,11.3,141,0.8,NA,NA,NA,NA,NA,NA,NA,NA,NA,NA,NA,NA,NA,NA,NA
"Jake Locker (TEN) QB","Jake Locker (TEN)","QB",2.5,204.3,NA,NA,NA,47.1,281.5,2.2,415.9,250.6,2959.5,17.9,11,234,NA,NA,189,NA,NA,189
"Jalen Parmele (ARI) RB","Jalen Parmele (ARI)","RB",0,7.2,5.3,40.5,0,6,31.5,0,NA,NA,NA,NA,NA,NA,NA,NA,NA,NA,NA,NA
"Jalen Saunders (NYJ) WR","Jalen Saunders (NYJ)","WR",0,32.8,18.5,237.5,1.5,0,0,0,NA,NA,NA,NA,NA,NA,NA,NA,NA,NA,NA,NA
"Jamaal Charles (KC) RB","Jamaal Charles (KC)","RB",2,263,67.3,599.1,4,252.2,1255.2,9.6,NA,NA,NA,NA,NA,3,2,3,1,3,3,2.4
"James Casey (PHI) TE","James Casey (PHI)","TE",0,10.4,7.4,86.4,0.3,NA,NA,NA,NA,NA,NA,NA,NA,NA,NA,NA,NA,NA,NA,NA
"James Develin (NE) RB","James Develin (NE)","RB",0,9.7,7.5,51,0,4.5,16,0.5,NA,NA,NA,NA,NA,NA,NA,NA,NA,NA,NA,NA
"James Hanna (DAL) TE","James Hanna (DAL)","TE",0,16.7,13,137,0.5,NA,NA,NA,NA,NA,NA,NA,NA,NA,NA,NA,NA,NA,NA,NA
"James Jones (OAK) WR","James Jones (OAK)","WR",0,94.6,53.7,681.9,4.4,0,0,0,NA,NA,NA,NA,NA,170,187,170,186,177,143,172.6
"James Starks (GB) RB","James Starks (GB)","RB",1,68.3,12.4,99.4,0,98.5,435.9,2.8,NA,NA,NA,NA,NA,200,NA,166,202,170,NA,179.3
"James White (NE) RB","James White (NE)","RB",0,69,17.1,142.2,0.5,80.8,379.3,2.3,NA,NA,NA,NA,NA,208,NA,NA,209,154,NA,181.5
"Jared Cook (STL) TE","Jared Cook (STL)","TE",1,76,46.7,552.1,3.8,NA,NA,NA,NA,NA,NA,NA,NA,226,196,NA,206,NA,186,196
"Jarius Wright (MIN) WR","Jarius Wright (MIN)","WR",0,30.1,16.1,233.1,1.1,0,0,0,NA,NA,NA,NA,NA,NA,NA,NA,NA,NA,NA,NA
"Jaron Brown (ARI) WR","Jaron Brown (ARI)","WR",0,22.7,13,196.5,0.5,0,0,0,NA,NA,NA,NA,NA,NA,NA,NA,NA,NA,NA,NA
"Jarrett Boykin (GB) WR","Jarrett Boykin (GB)","WR",0.5,104.5,54.1,737.3,5.3,0,0,0,NA,NA,NA,NA,NA,164,190,168,153,133,NA,161
"Jarvis Landry (MIA) WR","Jarvis Landry (MIA)","WR",0.5,50.7,28.9,372.8,2.4,0,0,0,NA,NA,NA,NA,NA,NA,NA,NA,NA,NA,NA,NA
"Jason Avant (CAR) WR","Jason Avant (CAR)","WR",0.5,50.3,32.8,387,2.1,0,0,0,NA,NA,NA,NA,NA,NA,NA,NA,NA,NA,NA,NA
"Jason Campbell (CIN) QB","Jason Campbell (CIN)","QB",0,6.7,NA,NA,NA,0.6,1.8,0,24.6,13.9,170.5,0.3,0.6,NA,NA,NA,NA,NA,NA,NA
"Jason Witten (DAL) TE","Jason Witten (DAL)","TE",0,124.1,76.7,850.9,6.5,NA,NA,NA,NA,NA,NA,NA,NA,55,61,55,59,70,55,60
"Jay Cutler (CHI) QB","Jay Cutler (CHI)","QB",3,272.4,NA,NA,NA,31.9,160.7,1.3,547.9,342.8,4067.6,30.1,14.3,96,97,102,76,90,116,96.2
"Jay Feely (ARI) K","Jay Feely (ARI)","K",NA,NA,NA,NA,NA,NA,NA,NA,NA,NA,NA,NA,NA,251,NA,NA,234,NA,NA,234
"Jay Prosch (HOU) RB","Jay Prosch (HOU)","RB",0,4.9,3,21,0,7,28,0,NA,NA,NA,NA,NA,NA,NA,NA,NA,NA,NA,NA
"Jed Collins (DET) RB","Jed Collins (DET)","RB",0,19,10,56.5,0.5,7,43.5,1,NA,NA,NA,NA,NA,NA,NA,NA,NA,NA,NA,NA
"Jeff Cumberland (NYJ) TE","Jeff Cumberland (NYJ)","TE",0,40.9,25.1,294.5,1.9,NA,NA,NA,NA,NA,NA,NA,NA,NA,NA,NA,NA,NA,NA,NA
"Jeff Janis (GB) WR","Jeff Janis (GB)","WR",0,27.8,13.5,233.3,0.8,0,0,0,NA,NA,NA,NA,NA,NA,NA,NA,NA,NA,NA,NA
"Jeff Maehl (PHI) WR","Jeff Maehl (PHI)","WR",0,6.5,5.5,64.5,0,0,0,0,NA,NA,NA,NA,NA,NA,NA,NA,NA,NA,NA,NA
"Jeremy Hill (CIN) RB","Jeremy Hill (CIN)","RB",0.5,107.2,9.9,68.1,0.3,144.2,641.7,5.9,NA,NA,NA,NA,NA,140,154,147,148,116,153,143.6
"Jeremy Kerley (NYJ) WR","Jeremy Kerley (NYJ)","WR",1,73.5,44.9,577.6,2.8,2.5,9.5,0,NA,NA,NA,NA,NA,NA,NA,NA,NA,NA,NA,NA
"Jeremy Maclin (PHI) WR","Jeremy Maclin (PHI)","WR",0.5,133.1,69.4,956.9,6.4,0,0,0,NA,NA,NA,NA,NA,73,63,73,75,66,104,76.2
"Jeremy Ross (DET) WR","Jeremy Ross (DET)","WR",0,4.9,3.8,48.8,0,0,0,0,NA,NA,NA,NA,NA,NA,NA,NA,NA,NA,NA,NA
"Jeremy Stewart (OAK) RB","Jeremy Stewart (OAK)","RB",0,8.9,5.3,38.3,0,11.3,50.3,0,NA,NA,NA,NA,NA,NA,NA,NA,NA,NA,NA,NA
"Jerick McKinnon (MIN) RB","Jerick McKinnon (MIN)","RB",0.5,48.6,22.6,177.7,0.8,45.7,204.4,1.1,NA,NA,NA,NA,NA,NA,NA,NA,NA,NA,NA,NA
"Jermaine Gresham (CIN) TE","Jermaine Gresham (CIN)","TE",1.5,55.8,36.6,401.9,3.1,NA,NA,NA,NA,NA,NA,NA,NA,NA,NA,NA,NA,NA,NA,NA
"Jermaine Kearse (SEA) WR","Jermaine Kearse (SEA)","WR",0,54.7,26.8,402.6,2.4,0,0,0,NA,NA,NA,NA,NA,NA,NA,NA,NA,NA,NA,NA
"Jermichael Finley TE","Jermichael Finley","TE",0,45.6,23.9,291,2.8,NA,NA,NA,NA,NA,NA,NA,NA,197,130,NA,NA,NA,NA,130
"Jerome Felton (MIN) RB","Jerome Felton (MIN)","RB",0,9.4,6,47.5,0,5,16.5,0.5,NA,NA,NA,NA,NA,NA,NA,NA,NA,NA,NA,NA
"Jerome Simpson (MIN) WR","Jerome Simpson (MIN)","WR",1,63.2,36.3,513.5,2.3,0,0,0,NA,NA,NA,NA,NA,NA,NA,NA,NA,NA,NA,NA
"Jerrel Jernigan (NYG) WR","Jerrel Jernigan (NYG)","WR",0,52.9,25.9,365.8,2.5,1.5,13,0,NA,NA,NA,NA,NA,NA,NA,NA,NA,NA,NA,NA
"Jerricho Cotchery (CAR) WR","Jerricho Cotchery (CAR)","WR",1.5,82.7,48.7,628.7,3.8,0,0,0,NA,NA,NA,NA,NA,215,166,NA,230,NA,NA,198
"Jim Dray (CLE) TE","Jim Dray (CLE)","TE",0,17.3,12.8,128.3,0.8,NA,NA,NA,NA,NA,NA,NA,NA,NA,NA,NA,NA,NA,NA,NA
"Jimmy Clausen (CHI) QB","Jimmy Clausen (CHI)","QB",0,18.8,NA,NA,NA,3,6,0,78,43,456,2,4,NA,NA,NA,NA,NA,NA,NA
"Jimmy Garoppolo (NE) QB","Jimmy Garoppolo (NE)","QB",0,0,NA,NA,NA,0,0,0,0,0,0,0,0,NA,NA,NA,NA,NA,NA,NA
"Jimmy Graham (NO) TE","Jimmy Graham (NO)","TE",0,195.4,87.7,1180.3,12.9,NA,NA,NA,NA,NA,NA,NA,NA,8,7,10,9,9,9,8.8
"Joe Flacco (BAL) QB","Joe Flacco (BAL)","QB",3.5,226.9,NA,NA,NA,32.8,81.5,0.7,562.6,339.9,3977.9,24.1,17,152,161,135,147,171,169,156.6
"Joe McKnight (KC) RB","Joe McKnight (KC)","RB",0.8,9.5,4.5,41.3,0,16.5,69,0,NA,NA,NA,NA,NA,NA,NA,NA,NA,NA,NA,NA
"Joel Dreessen (DEN) TE","Joel Dreessen (DEN)","TE",0,11.8,8.3,72.8,0.8,NA,NA,NA,NA,NA,NA,NA,NA,NA,NA,NA,NA,NA,NA,NA
"John Brown (ARI) WR","John Brown (ARI)","WR",0,69.9,35.1,530.9,2.8,0,0,0,NA,NA,NA,NA,NA,NA,NA,NA,NA,NA,NA,NA
"John Carlson (ARI) TE","John Carlson (ARI)","TE",0,43.1,28.2,293.1,2.3,NA,NA,NA,NA,NA,NA,NA,NA,NA,NA,NA,NA,NA,NA,NA
"John Kuhn (GB) RB","John Kuhn (GB)","RB",0,21.6,10.3,72.6,0.4,15.4,53.8,1.1,NA,NA,NA,NA,NA,NA,NA,NA,NA,NA,NA,NA
"John Parker Wilson QB","John Parker Wilson","QB",NA,NA,NA,NA,NA,NA,NA,NA,NA,NA,NA,NA,NA,218,172,NA,NA,NA,NA,172
"John Phillips (SD) TE","John Phillips (SD)","TE",0,7.3,8,72.5,0,NA,NA,NA,NA,NA,NA,NA,NA,NA,NA,NA,NA,NA,NA,NA
"Johnny Manziel (CLE) QB","Johnny Manziel (CLE)","QB",3,192.3,NA,NA,NA,75.1,401.3,3.2,394.9,232.2,2694.8,14.3,13,166,197,141,177,NA,130,161.3
"Joique Bell (DET) RB","Joique Bell (DET)","RB",2.5,168,43,361.3,1.2,203.1,882.8,6.9,NA,NA,NA,NA,NA,69,86,69,55,56,77,68.6
"Jon Baldwin (SF) WR","Jon Baldwin (SF)","WR",0,29.4,18,249,0.8,0,0,0,NA,NA,NA,NA,NA,NA,NA,NA,NA,NA,NA,NA
"Jonathan Dwyer (ARI) RB","Jonathan Dwyer (ARI)","RB",0.5,34.6,5.9,43.1,0,63.7,258.7,0.9,NA,NA,NA,NA,NA,NA,NA,NA,NA,NA,NA,NA
"Jonathan Grimes (HOU) RB","Jonathan Grimes (HOU)","RB",1,73.6,13.6,97.6,0.3,99.8,430.3,3.5,NA,NA,NA,NA,NA,241,NA,NA,204,NA,NA,204
"Jonathan Stewart (CAR) RB","Jonathan Stewart (CAR)","RB",0.5,75,19.4,147,0.8,101.2,427,2.3,NA,NA,NA,NA,NA,186,NA,174,182,155,NA,170.3
"Jordan Cameron (CLE) TE","Jordan Cameron (CLE)","TE",0.5,122.4,74.5,880,5.9,NA,NA,NA,NA,NA,NA,NA,NA,59,51,67,69,64,60,62.2
"Jordan Matthews (PHI) WR","Jordan Matthews (PHI)","WR",0.5,89.9,44.5,657.3,4.2,0,0,0,NA,NA,NA,NA,NA,177,188,NA,163,135,NA,162
"Jordan Palmer (CHI) QB","Jordan Palmer (CHI)","QB",0.5,20.3,NA,NA,NA,2.3,5.6,0,69.6,40.9,475.9,1,1.1,NA,NA,NA,NA,NA,NA,NA
"Jordan Reed (WAS) TE","Jordan Reed (WAS)","TE",0,115.3,64.5,762.8,6.5,NA,NA,NA,NA,NA,NA,NA,NA,80,81,111,85,78,74,85.8
"Jordan Todman (JAC) RB","Jordan Todman (JAC)","RB",1.5,47.8,18.1,144,0.5,66.3,274.4,1,NA,NA,NA,NA,NA,NA,NA,NA,NA,NA,NA,NA
"Jordy Nelson (GB) WR","Jordy Nelson (GB)","WR",0.5,186.3,80,1254.6,10.3,0,0,0,NA,NA,NA,NA,NA,22,23,21,21,20,26,22.2
"Jorvorskie Lane (TB) RB","Jorvorskie Lane (TB)","RB",0,9.7,5.5,38.5,0,8.5,28.5,0.5,NA,NA,NA,NA,NA,NA,NA,NA,NA,NA,NA,NA
"Joseph Fauria (DET) TE","Joseph Fauria (DET)","TE",0.5,29.2,14.3,169.9,2.2,NA,NA,NA,NA,NA,NA,NA,NA,NA,NA,NA,NA,NA,NA,NA
"Joseph Morgan (NO) WR","Joseph Morgan (NO)","WR",0,40.6,15.1,271,2.3,0,0,0,NA,NA,NA,NA,NA,NA,NA,NA,NA,NA,NA,NA
"Joseph Randle (DAL) RB","Joseph Randle (DAL)","RB",0,24.9,8,51.4,0,41.5,167.6,0.5,NA,NA,NA,NA,NA,NA,NA,NA,NA,NA,NA,NA
"Josh Boyce (NE) WR","Josh Boyce (NE)","WR",0,11.9,7.5,88.5,0.5,0,0,0,NA,NA,NA,NA,NA,NA,NA,NA,NA,NA,NA,NA
"Josh Freeman QB","Josh Freeman","QB",0,16,NA,NA,NA,3,16.5,0,27.8,16.5,207.8,1.5,0,NA,NA,NA,NA,NA,NA,NA
"Josh Gordon (CLE) WR","Josh Gordon (CLE)","WR",0,65.6,30.9,440.9,3.5,1,5.5,0,NA,NA,NA,NA,NA,137,155,145,136,105,158,139.8
"Josh Hill TE","Josh Hill","TE",0,13.1,8.3,86.3,0.8,NA,NA,NA,NA,NA,NA,NA,NA,NA,NA,NA,NA,NA,NA,NA
"Josh Huff (PHI) WR","Josh Huff (PHI)","WR",0,30.8,15,247.5,1,0,0,0,NA,NA,NA,NA,NA,NA,NA,NA,NA,NA,NA,NA
"Josh McCown (TB) QB","Josh McCown (TB)","QB",3,211.6,NA,NA,NA,27.4,108.9,1.3,451.3,273.6,3356.6,22.6,12.9,182,NA,151,171,175,NA,165.7
"Josh Morgan (CHI) WR","Josh Morgan (CHI)","WR",0,20.6,14.6,183.4,0.4,0,0,0,NA,NA,NA,NA,NA,NA,NA,NA,NA,NA,NA,NA
"Julian Edelman (NE) WR","Julian Edelman (NE)","WR",1,136,91.2,1009.2,5.9,2,17,0,NA,NA,NA,NA,NA,70,67,65,68,67,86,70.6
"Julio Jones (ATL) WR","Julio Jones (ATL)","WR",0.5,200.9,92.3,1377.7,10.1,4,35.5,0,NA,NA,NA,NA,NA,19,20,19,18,16,21,18.8
"Julius Thomas (DEN) TE","Julius Thomas (DEN)","TE",0.5,158.2,76.2,937.8,10.9,NA,NA,NA,NA,NA,NA,NA,NA,29,30,26,29,31,34,30
"Junior Hemingway (KC) WR","Junior Hemingway (KC)","WR",0,54.6,29.3,380.8,2.8,0,0,0,NA,NA,NA,NA,NA,NA,NA,NA,NA,NA,NA,NA
"Juron Criner (OAK) WR","Juron Criner (OAK)","WR",0,24.4,14,183.5,1,0,0,0,NA,NA,NA,NA,NA,NA,NA,NA,NA,NA,NA,NA
"Justin Brown (PIT) WR","Justin Brown (PIT)","WR",0,30.8,16.5,218.3,1.5,0,0,0,NA,NA,NA,NA,NA,NA,NA,NA,NA,NA,NA,NA
"Justin Forsett (BAL) RB","Justin Forsett (BAL)","RB",0,26.5,4.9,30,0,49.1,212.6,0.4,NA,NA,NA,NA,NA,NA,NA,NA,NA,NA,NA,NA
"Justin Hunter (TEN) WR","Justin Hunter (TEN)","WR",0,106.5,46.1,753.2,5.2,0,0,0,NA,NA,NA,NA,NA,135,147,137,132,119,157,138.4
"Justin Tucker (BAL) K","Justin Tucker (BAL)","K",NA,NA,NA,NA,NA,NA,NA,NA,NA,NA,NA,NA,NA,114,84,116,139,167,82,117.6
"Ka'Deem Carey (CHI) RB","Ka'Deem Carey (CHI)","RB",0.5,46.4,14.8,116.7,0.5,54.1,237,1.5,NA,NA,NA,NA,NA,NA,NA,NA,NA,NA,NA,NA
"Kamar Aiken (BAL) WR","Kamar Aiken (BAL)","WR",0,5.5,3.8,54.8,0,0,0,0,NA,NA,NA,NA,NA,NA,NA,NA,NA,NA,NA,NA
"Kansas City Chiefs Defense DST","Kansas City Chiefs Defense","DST",NA,NA,NA,NA,NA,NA,NA,NA,NA,NA,NA,NA,NA,105,74,114,125,152,69,106.8
"Kassim Osgood (SF) WR","Kassim Osgood (SF)","WR",0,3.2,2.3,32.3,0,0,0,0,NA,NA,NA,NA,NA,NA,NA,NA,NA,NA,NA,NA
"Kealoha Pilares (CAR) WR","Kealoha Pilares (CAR)","WR",0,13,8.3,129.8,0,0,0,0,NA,NA,NA,NA,NA,NA,NA,NA,NA,NA,NA,NA
"Keenan Allen (SD) WR","Keenan Allen (SD)","WR",1,155.5,74.9,1077.4,8.3,0,0,0,NA,NA,NA,NA,NA,35,28,40,44,33,43,37.6
"Kellen Clemens (SD) QB","Kellen Clemens (SD)","QB",0,0,NA,NA,NA,0,0,0,0,0,0,0,0,NA,NA,NA,NA,NA,NA,NA
"Kellen Davis (NYG) TE","Kellen Davis (NYG)","TE",0,13.9,9.1,97.3,0.7,NA,NA,NA,NA,NA,NA,NA,NA,NA,NA,NA,NA,NA,NA,NA
"Kelvin Benjamin (CAR) WR","Kelvin Benjamin (CAR)","WR",1,114.6,57,811.9,5.9,0,0,0,NA,NA,NA,NA,NA,127,151,142,109,96,150,129.6
"Kenbrell Thompkins (NE) WR","Kenbrell Thompkins (NE)","WR",0,61.7,31.8,448.8,2.8,0,0,0,NA,NA,NA,NA,NA,196,156,NA,NA,174,NA,165
"Kendall Wright (TEN) WR","Kendall Wright (TEN)","WR",1,132.6,87.9,1053.6,4.8,0.5,4,0,NA,NA,NA,NA,NA,84,83,91,86,91,90,88.2
"Kenjon Barner (CAR) RB","Kenjon Barner (CAR)","RB",0.5,12.1,4.5,26.3,0,23.3,105.1,0,NA,NA,NA,NA,NA,NA,NA,NA,NA,NA,NA,NA
"Kenny Britt (STL) WR","Kenny Britt (STL)","WR",0,87.5,44.4,617,4.3,0,0,0,NA,NA,NA,NA,NA,183,194,NA,181,134,NA,169.7
"Kenny Stills (NO) WR","Kenny Stills (NO)","WR",0.5,102,42.8,699.9,5.3,1.5,12,0,NA,NA,NA,NA,NA,160,199,175,146,129,180,165.8
"Keshawn Martin (HOU) WR","Keshawn Martin (HOU)","WR",0,33,19.9,270.3,1,0,0,0,NA,NA,NA,NA,NA,NA,NA,NA,NA,NA,NA,NA
"Kevin Brock (CIN) TE","Kevin Brock (CIN)","TE",0,5.6,5,55.5,0,NA,NA,NA,NA,NA,NA,NA,NA,NA,NA,NA,NA,NA,NA,NA
"Kevin Dorsey (GB) WR","Kevin Dorsey (GB)","WR",0,8.4,6,84,0,0,0,0,NA,NA,NA,NA,NA,NA,NA,NA,NA,NA,NA,NA
"Kevin Norwood (SEA) WR","Kevin Norwood (SEA)","WR",0,31.2,17.5,252,1,0,0,0,NA,NA,NA,NA,NA,NA,NA,NA,NA,NA,NA,NA
"Kevin Ogletree (DET) WR","Kevin Ogletree (DET)","WR",0,46.2,24,372,1.5,0,0,0,NA,NA,NA,NA,NA,NA,NA,NA,NA,NA,NA,NA
"Khiry Robinson (NO) RB","Khiry Robinson (NO)","RB",0,107.4,11.6,88.4,0,144,662,5.4,NA,NA,NA,NA,NA,134,152,108,135,126,161,136.4
"Kirk Cousins (WAS) QB","Kirk Cousins (WAS)","QB",0.5,37,NA,NA,NA,3.7,12.4,0,103.6,60.6,674,3.7,2.5,NA,NA,NA,NA,NA,NA,NA
"Knile Davis (KC) RB","Knile Davis (KC)","RB",0.5,74.3,13.4,111.5,0.3,97.2,449.9,2.9,NA,NA,NA,NA,NA,185,NA,172,176,161,NA,169.7
"Knowshon Moreno (MIA) RB","Knowshon Moreno (MIA)","RB",1.5,118.8,30.2,239.4,1,162.7,666.5,4.2,NA,NA,NA,NA,NA,106,113,95,104,108,120,108
"Konrad Reuland TE","Konrad Reuland","TE",0,4.7,5,47,0,NA,NA,NA,NA,NA,NA,NA,NA,NA,NA,NA,NA,NA,NA,NA
"Kris Durham (DET) WR","Kris Durham (DET)","WR",0,33,20.3,258.1,1.2,0,0,0,NA,NA,NA,NA,NA,NA,NA,NA,NA,NA,NA,NA
"Kyle Juszczyk (BAL) RB","Kyle Juszczyk (BAL)","RB",0,12.8,6.4,40.3,0.4,11.8,42.8,0.4,NA,NA,NA,NA,NA,NA,NA,NA,NA,NA,NA,NA
"Kyle Rudolph (MIN) TE","Kyle Rudolph (MIN)","TE",0,112.1,63.3,700.7,7,NA,NA,NA,NA,NA,NA,NA,NA,85,65,101,89,88,99,88.4
"Kyle Williams (KC) WR","Kyle Williams (KC)","WR",0,26.6,15,236,0.5,0,0,0,NA,NA,NA,NA,NA,NA,NA,NA,NA,NA,NA,NA
"Lache Seastrunk (WAS) RB","Lache Seastrunk (WAS)","RB",0,28.2,3,29.4,0,40.4,186.3,1.1,NA,NA,NA,NA,NA,NA,NA,NA,NA,NA,NA,NA
"Ladarius Green (SD) TE","Ladarius Green (SD)","TE",0,96.1,45.9,655.4,5.1,NA,NA,NA,NA,NA,NA,NA,NA,155,191,163,134,128,179,159
"Lamar Miller (MIA) RB","Lamar Miller (MIA)","RB",1,125.9,27.8,215.1,0.3,168.2,752,4.9,NA,NA,NA,NA,NA,93,95,106,90,69,106,93.2
"LaMichael James (SF) RB","LaMichael James (SF)","RB",0,6.2,3.4,26.3,0,8.6,36,0,NA,NA,NA,NA,NA,NA,NA,NA,NA,NA,NA,NA
"Lance Dunbar (DAL) RB","Lance Dunbar (DAL)","RB",0,74.3,29.7,243.3,1,74.7,325.8,1.9,NA,NA,NA,NA,NA,214,NA,NA,214,162,NA,188
"Lance Kendricks (STL) TE","Lance Kendricks (STL)","TE",0,35.7,22.7,243.2,1.9,NA,NA,NA,NA,NA,NA,NA,NA,NA,NA,NA,NA,NA,NA,NA
"Lance Moore (PIT) WR","Lance Moore (PIT)","WR",0,72.5,46.1,574.8,2.5,0,0,0,NA,NA,NA,NA,NA,NA,NA,NA,NA,NA,NA,NA
"Landry Jones (PIT) QB","Landry Jones (PIT)","QB",0,0,NA,NA,NA,0,0,0,0,0,0,0,0,NA,NA,NA,NA,NA,NA,NA
"Larry Donnell (NYG) TE","Larry Donnell (NYG)","TE",0,10.3,7.1,80.6,0.4,NA,NA,NA,NA,NA,NA,NA,NA,NA,NA,NA,NA,NA,NA,NA
"Larry Fitzgerald (ARI) WR","Larry Fitzgerald (ARI)","WR",0,162.3,85,1077.8,9,1,5.5,0,NA,NA,NA,NA,NA,34,34,35,33,41,38,36.2
"Latavius Murray (OAK) RB","Latavius Murray (OAK)","RB",0,54,10.8,82.4,0.3,67.6,292.8,2.5,NA,NA,NA,NA,NA,NA,NA,NA,NA,NA,NA,NA
"Lavelle Hawkins (TB) WR","Lavelle Hawkins (TB)","WR",0,13.7,11.3,137,0,0,0,0,NA,NA,NA,NA,NA,NA,NA,NA,NA,NA,NA,NA
"Le'Veon Bell (PIT) RB","Le'Veon Bell (PIT)","RB",1,196.2,47.6,364.3,1.2,261.8,1096,7.5,NA,NA,NA,NA,NA,21,21,20,22,22,15,20
"Lee Smith (BUF) TE","Lee Smith (BUF)","TE",0,6.5,6.5,64.5,0,NA,NA,NA,NA,NA,NA,NA,NA,NA,NA,NA,NA,NA,NA,NA
"LeGarrette Blount (PIT) RB","LeGarrette Blount (PIT)","RB",1.5,88,9.7,71.6,0,128.2,544.4,4.9,NA,NA,NA,NA,NA,147,141,154,151,139,171,151.2
"Leon Washington (TEN) RB","Leon Washington (TEN)","RB",0,8.1,5.5,51.5,0,6,29.5,0,NA,NA,NA,NA,NA,NA,NA,NA,NA,NA,NA,NA
"Leonard Hankerson (WAS) WR","Leonard Hankerson (WAS)","WR",0,26,15.9,214.8,0.8,0,0,0,NA,NA,NA,NA,NA,NA,NA,NA,NA,NA,NA,NA
"LeSean McCoy (PHI) RB","LeSean McCoy (PHI)","RB",2,255.2,43.3,384.9,2.5,289.5,1450.9,10.1,NA,NA,NA,NA,NA,1,1,2,2,1,2,1.6
"Lestar Jean (MIN) WR","Lestar Jean (MIN)","WR",0,9.2,6,92.3,0,0,0,0,NA,NA,NA,NA,NA,NA,NA,NA,NA,NA,NA,NA
"Levine Toilolo (ATL) TE","Levine Toilolo (ATL)","TE",0,50.7,26.9,326.9,3,NA,NA,NA,NA,NA,NA,NA,NA,NA,NA,NA,NA,NA,NA,NA
"Logan Paulsen (WAS) TE","Logan Paulsen (WAS)","TE",0,20.2,13.8,153.6,0.8,NA,NA,NA,NA,NA,NA,NA,NA,NA,NA,NA,NA,NA,NA,NA
"Logan Thomas (ARI) QB","Logan Thomas (ARI)","QB",0,0,NA,NA,NA,0,0,0,0,0,0,0,0,NA,NA,NA,NA,NA,NA,NA
"Lonnie Pryor (TB) RB","Lonnie Pryor (TB)","RB",0,2.3,3,15.8,0,2.3,6.8,0,NA,NA,NA,NA,NA,NA,NA,NA,NA,NA,NA,NA
"Lorenzo Taliaferro (BAL) RB","Lorenzo Taliaferro (BAL)","RB",0,34.2,6,36.6,0,51.9,245.3,1,NA,NA,NA,NA,NA,NA,NA,NA,NA,NA,NA,NA
"Louis Murphy (TB) WR","Louis Murphy (TB)","WR",0,32.4,18.5,264,1,0,0,0,NA,NA,NA,NA,NA,NA,NA,NA,NA,NA,NA,NA
"Luke McCown (NO) QB","Luke McCown (NO)","QB",0,0,NA,NA,NA,0,0,0,0,0,0,0,0,NA,NA,NA,NA,NA,NA,NA
"Luke Stocker (TB) TE","Luke Stocker (TB)","TE",0,4.4,3.5,43.5,0,NA,NA,NA,NA,NA,NA,NA,NA,NA,NA,NA,NA,NA,NA,NA
"Luke Willson (SEA) TE","Luke Willson (SEA)","TE",0,35.1,18.1,236.5,1.9,NA,NA,NA,NA,NA,NA,NA,NA,NA,NA,NA,NA,NA,NA,NA
"Malcom Floyd (SD) WR","Malcom Floyd (SD)","WR",0.5,81.4,40.5,584,4,0,0,0,NA,NA,NA,NA,NA,247,NA,NA,227,NA,NA,227
"Marc Mariani (TEN) WR","Marc Mariani (TEN)","WR",0,2.8,2.3,27.8,0,0,0,0,NA,NA,NA,NA,NA,NA,NA,NA,NA,NA,NA,NA
"Marcedes Lewis (JAC) TE","Marcedes Lewis (JAC)","TE",0,71,41.1,469.6,4,NA,NA,NA,NA,NA,NA,NA,NA,249,NA,NA,232,NA,NA,232
"Marcel Reece (OAK) RB","Marcel Reece (OAK)","RB",0,61.9,31.5,284.3,0.7,43.3,196.7,1.6,NA,NA,NA,NA,NA,NA,NA,NA,NA,NA,NA,NA
"Marcus Harris (NYG) WR","Marcus Harris (NYG)","WR",0,20.6,8.3,115.5,1.5,0,0,0,NA,NA,NA,NA,NA,NA,NA,NA,NA,NA,NA,NA
"Marcus Lattimore (SF) RB","Marcus Lattimore (SF)","RB",0,32.4,3,20,0,44.5,201.8,1.7,NA,NA,NA,NA,NA,NA,NA,NA,NA,NA,NA,NA
"Mario Manningham (NYG) WR","Mario Manningham (NYG)","WR",0,29.9,17.5,239,1,0,0,0,NA,NA,NA,NA,NA,NA,NA,NA,NA,NA,NA,NA
"Marion Grice (SD) RB","Marion Grice (SD)","RB",0,15.5,4.5,33,0,16.5,76.5,0.8,NA,NA,NA,NA,NA,NA,NA,NA,NA,NA,NA,NA
"Mark Ingram (NO) RB","Mark Ingram (NO)","RB",1,87.3,12.4,81.5,0,130.1,547,4.4,NA,NA,NA,NA,NA,133,132,134,138,123,142,133.8
"Mark Sanchez (PHI) QB","Mark Sanchez (PHI)","QB",0,11.8,NA,NA,NA,3.5,4.6,0,27.6,16.8,183.8,1.3,0.6,NA,NA,NA,NA,NA,NA,NA
"Markus Wheaton (PIT) WR","Markus Wheaton (PIT)","WR",0.5,93.6,49.4,685.5,4.2,1,8.5,0,NA,NA,NA,NA,NA,169,182,167,169,142,NA,165
"Marlon Brown (BAL) WR","Marlon Brown (BAL)","WR",0,47.9,29,359.3,2,0,0,0,NA,NA,NA,NA,NA,NA,NA,NA,NA,NA,NA,NA
"Marqise Lee (JAC) WR","Marqise Lee (JAC)","WR",1,88.6,45.3,639.2,4.3,1,8.5,0,NA,NA,NA,NA,NA,199,NA,185,192,160,NA,179
"MarQueis Gray (CLE) TE","MarQueis Gray (CLE)","TE",0,2.8,3.5,27.5,0,NA,NA,NA,NA,NA,NA,NA,NA,NA,NA,NA,NA,NA,NA,NA
"Marques Colston (NO) WR","Marques Colston (NO)","WR",0.5,134.3,76.1,980.7,6.2,0,0,0,NA,NA,NA,NA,NA,76,77,75,77,72,97,79.6
"Marquess Wilson (CHI) WR","Marquess Wilson (CHI)","WR",0,48.8,25.3,360.5,2.1,0,0,0,NA,NA,NA,NA,NA,NA,NA,NA,NA,NA,NA,NA
"Marquise Goodwin (BUF) WR","Marquise Goodwin (BUF)","WR",0.5,36.1,17.5,268.5,1.7,0,0,0,NA,NA,NA,NA,NA,NA,NA,NA,NA,NA,NA,NA
"Marshawn Lynch (SEA) RB","Marshawn Lynch (SEA)","RB",2,203.2,26.8,208.5,1,276.4,1215.6,9.8,NA,NA,NA,NA,NA,9,9,6,15,10,5,9
"Martavis Bryant (PIT) WR","Martavis Bryant (PIT)","WR",0,50.9,23.9,365.1,2.4,0,0,0,NA,NA,NA,NA,NA,NA,NA,NA,NA,NA,NA,NA
"Martellus Bennett (CHI) TE","Martellus Bennett (CHI)","TE",0.5,101.3,62.5,722.9,5,NA,NA,NA,NA,NA,NA,NA,NA,120,128,110,121,130,112,120.2
"Marvin Jones (CIN) WR","Marvin Jones (CIN)","WR",1,85.4,41,563.7,4.4,5.5,46,0,NA,NA,NA,NA,NA,163,121,NA,179,166,173,159.8
"Marvin McNutt (CAR) WR","Marvin McNutt (CAR)","WR",0,6.2,3.8,61.5,0,0,0,0,NA,NA,NA,NA,NA,NA,NA,NA,NA,NA,NA,NA
"Mason Crosby (GB) K","Mason Crosby (GB)","K",NA,NA,NA,NA,NA,NA,NA,NA,NA,NA,NA,NA,NA,131,99,133,155,176,100,132.6
"Matt Asiata (MIN) RB","Matt Asiata (MIN)","RB",0,35.6,4.9,31.4,0,52.1,204.6,2,NA,NA,NA,NA,NA,NA,NA,NA,NA,NA,NA,NA
"Matt Barkley (PHI) QB","Matt Barkley (PHI)","QB",0,0,NA,NA,NA,0,0,0,0,0,0,0,0,NA,NA,NA,NA,NA,NA,NA
"Matt Bryant (ATL) K","Matt Bryant (ATL)","K",NA,NA,NA,NA,NA,NA,NA,NA,NA,NA,NA,NA,NA,180,NA,195,164,184,152,173.8
"Matt Cassel (MIN) QB","Matt Cassel (MIN)","QB",1,78.5,NA,NA,NA,16.6,60.9,0.2,193.8,117.7,1319.6,8.2,6.2,NA,NA,NA,NA,NA,NA,NA
"Matt Flynn (GB) QB","Matt Flynn (GB)","QB",0,13.6,NA,NA,NA,3.1,18.8,0,29.8,18.3,217.1,1.3,1,NA,NA,NA,NA,NA,NA,NA
"Matt Forte (CHI) RB","Matt Forte (CHI)","RB",2,241.7,66.7,543.4,2.9,274.4,1271.8,7.8,NA,NA,NA,NA,NA,4,4,5,5,4,4,4.4
"Matt Hasselbeck (IND) QB","Matt Hasselbeck (IND)","QB",0,2.1,NA,NA,NA,1,0,0,8,4.5,51.5,0,0,NA,NA,NA,NA,NA,NA,NA
"Matt McGloin (OAK) QB","Matt McGloin (OAK)","QB",0,0,NA,NA,NA,0,0,0,0,0,0,0,0,NA,NA,NA,NA,NA,NA,NA
"Matt Moore (MIA) QB","Matt Moore (MIA)","QB",1.5,7.1,NA,NA,NA,2,3.1,0,34.6,20.1,220.6,0.8,1,NA,NA,NA,NA,NA,NA,NA
"Matt Prater (DEN) K","Matt Prater (DEN)","K",NA,NA,NA,NA,NA,NA,NA,NA,NA,NA,NA,NA,NA,107,76,123,126,148,71,108.8
"Matt Ryan (ATL) QB","Matt Ryan (ATL)","QB",2,289.9,NA,NA,NA,26,71.1,0.8,635.8,421.2,4700.3,30.1,13.2,63,52,80,49,68,76,65
"Matt Schaub (OAK) QB","Matt Schaub (OAK)","QB",2.5,162,NA,NA,NA,35.8,32.1,0,464.3,275,3073.8,17.3,14.2,NA,NA,NA,NA,NA,NA,NA
"Matt Spaeth (PIT) TE","Matt Spaeth (PIT)","TE",0,13.3,6.5,73,1,NA,NA,NA,NA,NA,NA,NA,NA,NA,NA,NA,NA,NA,NA,NA
"Matthew Mulligan (CHI) TE","Matthew Mulligan (CHI)","TE",0,4.1,3.8,40.5,0,NA,NA,NA,NA,NA,NA,NA,NA,NA,NA,NA,NA,NA,NA,NA
"Matthew Stafford (DET) QB","Matthew Stafford (DET)","QB",2.5,305.8,NA,NA,NA,31.5,81.9,1.2,641.4,393.2,4810,34.1,16.7,37,47,31,20,45,46,37.8
"Maurice Jones-Drew (OAK) RB","Maurice Jones-Drew (OAK)","RB",1,135.8,34.2,252.2,0.7,199.7,790.1,4.9,NA,NA,NA,NA,NA,87,112,83,83,75,93,89.2
"Miami Dolphins Defense DST","Miami Dolphins Defense","DST",NA,NA,NA,NA,NA,NA,NA,NA,NA,NA,NA,NA,NA,221,177,NA,236,NA,NA,206.5
"Michael Campanaro (BAL) WR","Michael Campanaro (BAL)","WR",0,7.4,6,73.5,0,0,0,0,NA,NA,NA,NA,NA,NA,NA,NA,NA,NA,NA,NA
"Michael Cox (NYG) RB","Michael Cox (NYG)","RB",0,5.3,2.5,19.5,0,7.5,33,0,NA,NA,NA,NA,NA,NA,NA,NA,NA,NA,NA,NA
"Michael Crabtree (SF) WR","Michael Crabtree (SF)","WR",1,159.9,80.9,1150.5,7.7,0.5,6,0,NA,NA,NA,NA,NA,46,48,53,37,49,47,46.8
"Michael Egnew (MIA) TE","Michael Egnew (MIA)","TE",0,9.2,8.3,91.5,0,NA,NA,NA,NA,NA,NA,NA,NA,NA,NA,NA,NA,NA,NA,NA
"Michael Floyd (ARI) WR","Michael Floyd (ARI)","WR",0,151.1,76.8,1115.4,6.6,0,0,0,NA,NA,NA,NA,NA,58,49,71,61,53,75,61.8
"Michael Ford (CHI) RB","Michael Ford (CHI)","RB",0,15.1,2.3,21,0,18.8,84.8,0.8,NA,NA,NA,NA,NA,NA,NA,NA,NA,NA,NA,NA
"Michael Hoomanawanui (NE) TE","Michael Hoomanawanui (NE)","TE",0,17,11.9,139.6,0.5,NA,NA,NA,NA,NA,NA,NA,NA,NA,NA,NA,NA,NA,NA,NA
"Michael Palmer (PIT) TE","Michael Palmer (PIT)","TE",0,3.6,4,35.5,0,NA,NA,NA,NA,NA,NA,NA,NA,NA,NA,NA,NA,NA,NA,NA
"Michael Preston (TEN) WR","Michael Preston (TEN)","WR",0,6.1,5.5,60.5,0,0,0,0,NA,NA,NA,NA,NA,NA,NA,NA,NA,NA,NA,NA
"Michael Vick (NYJ) QB","Michael Vick (NYJ)","QB",1.5,76.8,NA,NA,NA,29.5,166.5,1.3,146.6,86.6,999,6.1,4.5,192,139,NA,NA,NA,182,160.5
"Mickey Shuler (ATL) TE","Mickey Shuler (ATL)","TE",0,4.9,4.5,49,0,NA,NA,NA,NA,NA,NA,NA,NA,NA,NA,NA,NA,NA,NA,NA
"Miguel Maysonet (PIT) RB","Miguel Maysonet (PIT)","RB",0,3.2,0.8,3,0,6.8,28.5,0,NA,NA,NA,NA,NA,NA,NA,NA,NA,NA,NA,NA
"Mike Brown (JAC) WR","Mike Brown (JAC)","WR",0,39,24,330,1,0,0,0,NA,NA,NA,NA,NA,NA,NA,NA,NA,NA,NA,NA
"Mike Evans (TB) WR","Mike Evans (TB)","WR",0.5,109.2,50.9,754.1,5.8,0,0,0,NA,NA,NA,NA,NA,118,116,118,111,114,135,118.8
"Mike Gillislee (MIA) RB","Mike Gillislee (MIA)","RB",0,11.1,2.2,16.1,0,23,95.2,0,NA,NA,NA,NA,NA,NA,NA,NA,NA,NA,NA,NA
"Mike Glennon (TB) QB","Mike Glennon (TB)","QB",1,33.2,NA,NA,NA,10,25.8,0,85.2,51.1,600.7,4,3.7,NA,NA,NA,NA,NA,NA,NA
"Mike James (TB) RB","Mike James (TB)","RB",0.5,39.8,9.8,67.4,0,59.3,262.1,1.3,NA,NA,NA,NA,NA,NA,NA,NA,NA,NA,NA,NA
"Mike McNeill (CAR) TE","Mike McNeill (CAR)","TE",0,4,3,39.8,0,NA,NA,NA,NA,NA,NA,NA,NA,NA,NA,NA,NA,NA,NA,NA
"Mike Nugent (CIN) K","Mike Nugent (CIN)","K",NA,NA,NA,NA,NA,NA,NA,NA,NA,NA,NA,NA,NA,253,NA,NA,241,NA,NA,241
"Mike Thomas (HOU) WR","Mike Thomas (HOU)","WR",0,18.8,12.8,143.3,0.8,0,0,0,NA,NA,NA,NA,NA,NA,NA,NA,NA,NA,NA,NA
"Mike Tolbert (CAR) RB","Mike Tolbert (CAR)","RB",0,74.6,24.5,162.6,1,80,300.9,3.7,NA,NA,NA,NA,NA,NA,NA,NA,NA,NA,NA,NA
"Mike Wallace (MIA) WR","Mike Wallace (MIA)","WR",0.5,134.5,71.6,986.3,5.5,4.5,38.5,0,NA,NA,NA,NA,NA,78,78,88,81,77,87,82.2
"Mike Williams (BUF) WR","Mike Williams (BUF)","WR",0.5,75.2,42.6,581.5,3,0,0,0,NA,NA,NA,NA,NA,NA,NA,NA,NA,NA,NA,NA
"Mikel Leshoure (DET) RB","Mikel Leshoure (DET)","RB",0.8,17.6,6.1,45.5,0,22.8,100.3,0.8,NA,NA,NA,NA,NA,NA,NA,NA,NA,NA,NA,NA
"Miles Austin (CLE) WR","Miles Austin (CLE)","WR",0.5,69.8,41.9,540.3,2.8,0,0,0,NA,NA,NA,NA,NA,194,170,NA,215,165,192,185.5
"Minnesota Vikings Defense DST","Minnesota Vikings Defense","DST",NA,NA,NA,NA,NA,NA,NA,NA,NA,NA,NA,NA,NA,244,NA,NA,218,NA,NA,218
"Mohamed Sanu (CIN) WR","Mohamed Sanu (CIN)","WR",0,78.3,47.8,582.9,3.1,3,14.5,0,NA,NA,NA,NA,NA,NA,NA,NA,NA,NA,NA,NA
"Montee Ball (DEN) RB","Montee Ball (DEN)","RB",2.5,207.7,45.2,325,1.5,247.5,1124.1,9.8,NA,NA,NA,NA,NA,16,13,24,13,13,14,15.4
"Mychal Rivera (OAK) TE","Mychal Rivera (OAK)","TE",0,67.8,41.4,461.9,3.6,NA,NA,NA,NA,NA,NA,NA,NA,NA,NA,NA,NA,NA,NA,NA
"Myles White (GB) WR","Myles White (GB)","WR",0,17.5,10.6,137.9,0.6,0,0,0,NA,NA,NA,NA,NA,NA,NA,NA,NA,NA,NA,NA
"Naaman Roosevelt (BUF) WR","Naaman Roosevelt (BUF)","WR",0,8.3,6,83.3,0,0,0,0,NA,NA,NA,NA,NA,NA,NA,NA,NA,NA,NA,NA
"Nate Burleson (CLE) WR","Nate Burleson (CLE)","WR",0,53.9,31.5,384,2.5,1,5,0,NA,NA,NA,NA,NA,NA,NA,NA,NA,NA,NA,NA
"Nate Washington (TEN) WR","Nate Washington (TEN)","WR",0.5,76,40.5,584.3,3.1,0,0,0,NA,NA,NA,NA,NA,NA,NA,NA,NA,NA,NA,NA
"New England Patriots Defense DST","New England Patriots Defense","DST",NA,NA,NA,NA,NA,NA,NA,NA,NA,NA,NA,NA,NA,110,92,131,115,137,85,112
"New Orleans Saints Defense DST","New Orleans Saints Defense","DST",NA,NA,NA,NA,NA,NA,NA,NA,NA,NA,NA,NA,NA,161,140,160,187,179,163,165.8
"New York Giants Defense DST","New York Giants Defense","DST",NA,NA,NA,NA,NA,NA,NA,NA,NA,NA,NA,NA,NA,204,159,NA,240,NA,189,196
"New York Jets Defense DST","New York Jets Defense","DST",NA,NA,NA,NA,NA,NA,NA,NA,NA,NA,NA,NA,NA,229,NA,NA,226,NA,184,205
"Nick Foles (PHI) QB","Nick Foles (PHI)","QB",3,296.6,NA,NA,NA,63.4,240.2,2.1,537.1,346.3,4330.3,29.3,12.2,56,62,54,54,73,59,60.4
"Nick Folk (NYJ) K","Nick Folk (NYJ)","K",NA,NA,NA,NA,NA,NA,NA,NA,NA,NA,NA,NA,NA,235,NA,194,238,NA,196,209.3
"Nick Kasa (OAK) TE","Nick Kasa (OAK)","TE",0,12.3,8.5,93,0.5,NA,NA,NA,NA,NA,NA,NA,NA,NA,NA,NA,NA,NA,NA,NA
"Nick Novak (SD) K","Nick Novak (SD)","K",NA,NA,NA,NA,NA,NA,NA,NA,NA,NA,NA,NA,NA,171,169,180,203,NA,114,166.5
"Nick Toon (NO) WR","Nick Toon (NO)","WR",0,18.1,9.3,150.8,0.5,0,0,0,NA,NA,NA,NA,NA,NA,NA,NA,NA,NA,NA,NA
"Nick Williams (PIT) WR","Nick Williams (PIT)","WR",0,7.3,6,72.8,0,0,0,0,NA,NA,NA,NA,NA,NA,NA,NA,NA,NA,NA,NA
"Niles Paul (WAS) TE","Niles Paul (WAS)","TE",0,5.7,6,57,0,NA,NA,NA,NA,NA,NA,NA,NA,NA,NA,NA,NA,NA,NA,NA
"Odell Beckham Jr. (NYG) WR","Odell Beckham Jr. (NYG)","WR",0.5,82.2,39.4,585.6,3.8,3,18,0,NA,NA,NA,NA,NA,238,NA,NA,194,NA,200,197
"Orson Charles (CIN) RB","Orson Charles (CIN)","RB",0,9.6,3,40.5,0,2.3,10.5,0.8,NA,NA,NA,NA,NA,NA,NA,NA,NA,NA,NA,NA
"Owen Daniels (BAL) TE","Owen Daniels (BAL)","TE",0,49.9,30.9,348.7,2.5,NA,NA,NA,NA,NA,NA,NA,NA,203,144,NA,NA,NA,NA,144
"Pat Edwards (DET) WR","Pat Edwards (DET)","WR",0,4,3,39.8,0,0,0,0,NA,NA,NA,NA,NA,NA,NA,NA,NA,NA,NA,NA
"Patrick DiMarco (ATL) RB","Patrick DiMarco (ATL)","RB",0,6.3,8,51,0,3,11.5,0,NA,NA,NA,NA,NA,NA,NA,NA,NA,NA,NA,NA
"Paul Richardson (SEA) WR","Paul Richardson (SEA)","WR",0,59.2,23,441.5,2.5,0,0,0,NA,NA,NA,NA,NA,NA,NA,NA,NA,NA,NA,NA
"Percy Harvin (SEA) WR","Percy Harvin (SEA)","WR",0.5,143.7,74.7,908.4,6.1,20.5,113,1,NA,NA,NA,NA,NA,52,43,49,62,54,56,52.8
"Peyton Hillis (NYG) RB","Peyton Hillis (NYG)","RB",0.5,32.2,10.9,77,0,49.6,188.5,1.1,NA,NA,NA,NA,NA,NA,NA,NA,NA,NA,NA,NA
"Peyton Manning (DEN) QB","Peyton Manning (DEN)","QB",3,363.4,NA,NA,NA,22.5,-2.6,0,637.3,431.5,5270.7,45.7,12,7,11,4,3,7,8,6.6
"Phil Dawson (SF) K","Phil Dawson (SF)","K",NA,NA,NA,NA,NA,NA,NA,NA,NA,NA,NA,NA,NA,129,91,162,128,182,91,130.8
"Philadelphia Eagles Defense DST","Philadelphia Eagles Defense","DST",NA,NA,NA,NA,NA,NA,NA,NA,NA,NA,NA,NA,NA,212,174,NA,228,NA,183,195
"Philip Rivers (SD) QB","Philip Rivers (SD)","QB",3.5,266.3,NA,NA,NA,27.7,52.7,0,558.7,371.6,4470.1,29.1,13.6,104,110,99,95,111,108,104.6
"Pierre Garcon (WAS) WR","Pierre Garcon (WAS)","WR",0,152.9,86,1153,6.1,1,9.5,0,NA,NA,NA,NA,NA,39,39,41,45,39,39,40.6
"Pierre Thomas (NO) RB","Pierre Thomas (NO)","RB",1,135.2,64.7,449.5,3.3,138,562.4,2.7,NA,NA,NA,NA,NA,92,115,89,78,76,107,93
"Pittsburgh Steelers Defense DST","Pittsburgh Steelers Defense","DST",NA,NA,NA,NA,NA,NA,NA,NA,NA,NA,NA,NA,NA,165,137,165,180,NA,162,161
"Quinton Patton (SF) WR","Quinton Patton (SF)","WR",0.5,28.2,18,232,1,0,0,0,NA,NA,NA,NA,NA,NA,NA,NA,NA,NA,NA,NA
"Randall Cobb (GB) WR","Randall Cobb (GB)","WR",1,173.4,86.5,1179.1,8,8.5,94.5,0,NA,NA,NA,NA,NA,28,29,30,31,27,30,29.4
"Rashad Jennings (NYG) RB","Rashad Jennings (NYG)","RB",2.5,162.5,38.2,288.8,1,216.4,948,6.3,NA,NA,NA,NA,NA,49,55,58,58,35,44,50
"Ray Rice (BAL) RB","Ray Rice (BAL)","RB",2,162.2,46.1,360,1.5,197.3,869.6,5.7,NA,NA,NA,NA,NA,67,103,57,56,51,70,67.4
"Reggie Bush (DET) RB","Reggie Bush (DET)","RB",2.5,164.6,48.4,430,2.8,185.5,863.5,3.9,NA,NA,NA,NA,NA,32,58,28,34,32,23,35
"Reggie Wayne (IND) WR","Reggie Wayne (IND)","WR",0,123.7,74.1,936.7,5,0,0,0,NA,NA,NA,NA,NA,90,100,77,97,84,102,92
"Rhett Ellison (MIN) TE","Rhett Ellison (MIN)","TE",0,18,13,150,0.5,NA,NA,NA,NA,NA,NA,NA,NA,NA,NA,NA,NA,NA,NA,NA
"Ricardo Lockette (SEA) WR","Ricardo Lockette (SEA)","WR",0,20.3,13,173,0.5,0,0,0,NA,NA,NA,NA,NA,NA,NA,NA,NA,NA,NA,NA
"Richard Gordon (KC) TE","Richard Gordon (KC)","TE",0,2.3,2.3,23.3,0,NA,NA,NA,NA,NA,NA,NA,NA,NA,NA,NA,NA,NA,NA,NA
"Richard Rodgers (GB) TE","Richard Rodgers (GB)","TE",0,16.8,10,107.5,1,NA,NA,NA,NA,NA,NA,NA,NA,NA,NA,NA,NA,NA,NA,NA
"Richie Brockel (CAR) TE","Richie Brockel (CAR)","TE",0,1.1,2.3,10.5,0,NA,NA,NA,NA,NA,NA,NA,NA,NA,NA,NA,NA,NA,NA,NA
"Riley Cooper (PHI) WR","Riley Cooper (PHI)","WR",0.5,108.8,51.6,779.5,5.3,0,0,0,NA,NA,NA,NA,NA,111,123,105,116,104,115,112.6
"Rishard Matthews (MIA) WR","Rishard Matthews (MIA)","WR",0,22.1,14.4,175.6,0.8,0,0,0,NA,NA,NA,NA,NA,NA,NA,NA,NA,NA,NA,NA
"Rob Gronkowski (NE) TE","Rob Gronkowski (NE)","TE",0,149.5,68.6,924.5,9.5,NA,NA,NA,NA,NA,NA,NA,NA,31,42,33,32,30,28,33
"Robbie Gould (CHI) K","Robbie Gould (CHI)","K",NA,NA,NA,NA,NA,NA,NA,NA,NA,NA,NA,NA,NA,189,NA,187,198,186,148,179.8
"Robert Griffin III (WAS) QB","Robert Griffin III (WAS)","QB",2.5,285.1,NA,NA,NA,88.9,493.4,4.3,462.9,285.7,3613.8,23.3,11.4,65,57,61,82,82,53,67
"Robert Herron (TB) WR","Robert Herron (TB)","WR",0,34.7,19,286.5,1,0,0,0,NA,NA,NA,NA,NA,NA,NA,NA,NA,NA,NA,NA
"Robert Housler (ARI) TE","Robert Housler (ARI)","TE",0,28.2,18.5,210.2,1.2,NA,NA,NA,NA,NA,NA,NA,NA,NA,NA,NA,NA,NA,NA,NA
"Robert Hughes (ARI) RB","Robert Hughes (ARI)","RB",0,2.7,2.3,14.3,0,3.8,12.8,0,NA,NA,NA,NA,NA,NA,NA,NA,NA,NA,NA,NA
"Robert Meachem (NO) WR","Robert Meachem (NO)","WR",0,34.5,13.5,255,1.5,0,0,0,NA,NA,NA,NA,NA,NA,NA,NA,NA,NA,NA,NA
"Robert Turbin (SEA) RB","Robert Turbin (SEA)","RB",0.5,55.7,12.9,108.5,0,75.5,332.2,2.1,NA,NA,NA,NA,NA,NA,NA,NA,NA,NA,NA,NA
"Robert Woods (BUF) WR","Robert Woods (BUF)","WR",0.5,87.9,49.6,663,3.5,2,16,0,NA,NA,NA,NA,NA,252,NA,NA,237,NA,NA,237
"Rod Streater (OAK) WR","Rod Streater (OAK)","WR",1,93,51.4,695.6,4.1,1,8.5,0,NA,NA,NA,NA,NA,236,NA,NA,190,NA,NA,190
"Roddy White (ATL) WR","Roddy White (ATL)","WR",0.5,152.1,85.6,1092.7,7.3,0,0,0,NA,NA,NA,NA,NA,43,35,48,48,40,51,44.4
"Rodney Smith (MIN) WR","Rodney Smith (MIN)","WR",0,10,6.8,99.8,0,0,0,0,NA,NA,NA,NA,NA,NA,NA,NA,NA,NA,NA,NA
"Ronnie Brown RB","Ronnie Brown","RB",0,30.4,18,128,1,33,116,0,NA,NA,NA,NA,NA,NA,NA,NA,NA,NA,NA,NA
"Ronnie Hillman (DEN) RB","Ronnie Hillman (DEN)","RB",1,77.6,21.4,169.6,0.8,92.4,398.8,3,NA,NA,NA,NA,NA,206,NA,NA,196,158,NA,177
"Roy Helu (WAS) RB","Roy Helu (WAS)","RB",1,67,36.2,282.9,0.7,72.3,305.5,1,NA,NA,NA,NA,NA,233,NA,189,223,NA,NA,206
"Rueben Randle (NYG) WR","Rueben Randle (NYG)","WR",0.5,115.3,57,791,6.2,0,0,0,NA,NA,NA,NA,NA,124,117,150,120,103,138,125.6
"Russell Shepard (TB) WR","Russell Shepard (TB)","WR",0,5.4,4.5,54,0,0,0,0,NA,NA,NA,NA,NA,NA,NA,NA,NA,NA,NA,NA
"Russell Wilson (SEA) QB","Russell Wilson (SEA)","QB",3,278.3,NA,NA,NA,90.2,457.9,2.5,442.8,277.5,3557.8,25.5,10.4,94,102,66,98,118,84,93.6
"Ryan Broyles (DET) WR","Ryan Broyles (DET)","WR",0,32.8,20.6,260.6,1.1,0,0,0,NA,NA,NA,NA,NA,NA,NA,NA,NA,NA,NA,NA
"Ryan Fitzpatrick (HOU) QB","Ryan Fitzpatrick (HOU)","QB",2.5,167.4,NA,NA,NA,32.3,155.6,0.7,426.7,259.9,2881.7,16.7,14.7,NA,NA,NA,NA,NA,NA,NA
"Ryan Grant (WAS) WR","Ryan Grant (WAS)","WR",0,6.5,5.3,65.3,0,0,0,0,NA,NA,NA,NA,NA,NA,NA,NA,NA,NA,NA,NA
"Ryan Griffin (HOU) TE","Ryan Griffin (HOU)","TE",0,36.6,23.3,263.5,1.7,NA,NA,NA,NA,NA,NA,NA,NA,NA,NA,NA,NA,NA,NA,NA
"Ryan Mallett (NE) QB","Ryan Mallett (NE)","QB",0,0.5,NA,NA,NA,1,-1.5,0,2.5,1.5,15.5,0,0,NA,NA,NA,NA,NA,NA,NA
"Ryan Mathews (SD) RB","Ryan Mathews (SD)","RB",1.5,168.8,22.4,165.8,0.6,256.4,1120,6.6,NA,NA,NA,NA,NA,38,38,43,43,43,36,40.6
"Ryan Nassib (NYG) QB","Ryan Nassib (NYG)","QB",0,0,NA,NA,NA,0,0,0,0,0,0,0,0,NA,NA,NA,NA,NA,NA,NA
"Ryan Succop (KC) K","Ryan Succop (KC)","K",NA,NA,NA,NA,NA,NA,NA,NA,NA,NA,NA,NA,NA,227,186,NA,231,NA,198,205
"Ryan Tannehill (MIA) QB","Ryan Tannehill (MIA)","QB",3.5,244.7,NA,NA,NA,48.5,233.1,1.3,576.7,348.9,4030.2,23.1,16.5,162,NA,144,149,172,166,157.8
"Ryan Taylor (GB) TE","Ryan Taylor (GB)","TE",0,5,3.8,49.5,0,NA,NA,NA,NA,NA,NA,NA,NA,NA,NA,NA,NA,NA,NA,NA
"Ryan Whalen (CIN) WR","Ryan Whalen (CIN)","WR",0,14.1,9,110.5,0.5,0,0,0,NA,NA,NA,NA,NA,NA,NA,NA,NA,NA,NA,NA
"Ryan Williams (DAL) RB","Ryan Williams (DAL)","RB",0.8,10.9,3.5,26.6,0,23.5,97.8,0,NA,NA,NA,NA,NA,NA,NA,NA,NA,NA,NA,NA
"Sammy Watkins (BUF) WR","Sammy Watkins (BUF)","WR",1,121.5,58.4,847.6,6.1,3.5,21,0,NA,NA,NA,NA,NA,95,111,84,91,81,105,94.4
"San Francisco 49ers Defense DST","San Francisco 49ers Defense","DST",NA,NA,NA,NA,NA,NA,NA,NA,NA,NA,NA,NA,NA,79,66,85,102,112,61,85.2
"Santana Moss (WAS) WR","Santana Moss (WAS)","WR",0.5,36.6,24.4,285.9,1.5,0,0,0,NA,NA,NA,NA,NA,NA,NA,NA,NA,NA,NA,NA
"Santonio Holmes WR","Santonio Holmes","WR",0,46.7,23.7,317.2,2.5,0,0,0,NA,NA,NA,NA,NA,NA,NA,NA,NA,NA,NA,NA
"Scott Chandler (BUF) TE","Scott Chandler (BUF)","TE",1,69.1,43.3,495.3,3.6,NA,NA,NA,NA,NA,NA,NA,NA,255,NA,NA,243,NA,NA,243
"Scott Tolzien (GB) QB","Scott Tolzien (GB)","QB",0,0,NA,NA,NA,0,0,0,0,0,0,0,0,NA,NA,NA,NA,NA,NA,NA
"Sean McGrath (KC) TE","Sean McGrath (KC)","TE",0,16.9,11.3,123.8,0.8,NA,NA,NA,NA,NA,NA,NA,NA,NA,NA,NA,NA,NA,NA,NA
"Seattle Seahawks Defense DST","Seattle Seahawks Defense","DST",NA,NA,NA,NA,NA,NA,NA,NA,NA,NA,NA,NA,NA,60,59,52,65,92,45,62.6
"Sebastian Janikowski (OAK) K","Sebastian Janikowski (OAK)","K",NA,NA,NA,NA,NA,NA,NA,NA,NA,NA,NA,NA,NA,174,148,NA,213,185,147,173.3
"Seyi Ajirotutu (SD) WR","Seyi Ajirotutu (SD)","WR",0,12.9,6,84,0.8,0,0,0,NA,NA,NA,NA,NA,NA,NA,NA,NA,NA,NA,NA
"Shane Vereen (NE) RB","Shane Vereen (NE)","RB",1,158.9,66.1,605.2,4.4,128.7,583.9,2.6,NA,NA,NA,NA,NA,61,89,70,41,48,73,64.2
"Shaun Draughn (CHI) RB","Shaun Draughn (CHI)","RB",0,29.3,9.1,67.4,0,42.2,177.7,0.8,NA,NA,NA,NA,NA,NA,NA,NA,NA,NA,NA,NA
"Shaun Hill (STL) QB","Shaun Hill (STL)","QB",0.5,121.3,NA,NA,NA,21.9,69.3,0.7,289.6,173.8,2024.8,12.6,10.1,NA,NA,NA,NA,NA,NA,NA
"Shaun Suisham (PIT) K","Shaun Suisham (PIT)","K",NA,NA,NA,NA,NA,NA,NA,NA,NA,NA,NA,NA,NA,246,NA,NA,225,NA,NA,225
"Shayne Graham (NO) K","Shayne Graham (NO)","K",NA,NA,NA,NA,NA,NA,NA,NA,NA,NA,NA,NA,NA,190,192,192,172,190,174,184
"Shonn Greene (TEN) RB","Shonn Greene (TEN)","RB",1,87.6,10.4,74.9,0,129.2,521.5,5,NA,NA,NA,NA,NA,173,NA,139,193,163,181,169
"Spencer Ware (SEA) RB","Spencer Ware (SEA)","RB",0,0.8,0,0,0,2.3,7.5,0,NA,NA,NA,NA,NA,NA,NA,NA,NA,NA,NA,NA
"St. Louis Rams Defense DST","St. Louis Rams Defense","DST",NA,NA,NA,NA,NA,NA,NA,NA,NA,NA,NA,NA,NA,101,68,121,101,132,94,103.2
"Stanley Havili (IND) RB","Stanley Havili (IND)","RB",0,10.6,11,81.5,0,6.5,24,0,NA,NA,NA,NA,NA,NA,NA,NA,NA,NA,NA,NA
"Stedman Bailey (STL) WR","Stedman Bailey (STL)","WR",0,33.4,21.5,304,0.5,0,0,0,NA,NA,NA,NA,NA,NA,NA,NA,NA,NA,NA,NA
"Stepfan Taylor (ARI) RB","Stepfan Taylor (ARI)","RB",1,71.3,11.8,87.5,0,101.7,435.3,3.5,NA,NA,NA,NA,NA,239,NA,NA,197,NA,NA,197
"Stephen Gostkowski (NE) K","Stephen Gostkowski (NE)","K",NA,NA,NA,NA,NA,NA,NA,NA,NA,NA,NA,NA,NA,97,72,97,99,151,67,97.2
"Stephen Hill (NYJ) WR","Stephen Hill (NYJ)","WR",0,37.8,20.5,282.1,1.6,0,0,0,NA,NA,NA,NA,NA,NA,NA,NA,NA,NA,NA,NA
"Stevan Ridley (NE) RB","Stevan Ridley (NE)","RB",2,149.1,8.8,57.3,0,227.6,993.7,8,NA,NA,NA,NA,NA,86,104,76,80,74,109,88.6
"Steve Johnson (SF) WR","Steve Johnson (SF)","WR",1,67.2,41.2,529.9,2.7,0,0,0,NA,NA,NA,NA,NA,211,167,190,NA,NA,NA,178.5
"Steve Smith (BAL) WR","Steve Smith (BAL)","WR",1.5,93.5,54.4,694.9,4.5,0,0,0,NA,NA,NA,NA,NA,150,NA,113,152,141,165,142.8
"Steven Hauschka (SEA) K","Steven Hauschka (SEA)","K",NA,NA,NA,NA,NA,NA,NA,NA,NA,NA,NA,NA,NA,116,90,129,133,164,78,118.8
"Steven Jackson (ATL) RB","Steven Jackson (ATL)","RB",1,130.3,29.5,196.9,1,181.6,735.6,5.5,NA,NA,NA,NA,NA,88,114,74,93,80,96,91.4
"Storm Johnson (JAC) RB","Storm Johnson (JAC)","RB",0,20.6,6.5,47.6,0,31.4,135.4,0.4,NA,NA,NA,NA,NA,NA,NA,NA,NA,NA,NA,NA
"T.J. Graham (BUF) WR","T.J. Graham (BUF)","WR",0,21.4,11.3,158.4,0.8,1,11,0,NA,NA,NA,NA,NA,NA,NA,NA,NA,NA,NA,NA
"Tampa Bay Buccaneers Defense DST","Tampa Bay Buccaneers Defense","DST",NA,NA,NA,NA,NA,NA,NA,NA,NA,NA,NA,NA,NA,176,NA,176,161,180,168,171.3
"Tandon Doss (JAC) WR","Tandon Doss (JAC)","WR",0,10.9,8.3,108.8,0,0,0,0,NA,NA,NA,NA,NA,NA,NA,NA,NA,NA,NA,NA
"Tarvaris Jackson (SEA) QB","Tarvaris Jackson (SEA)","QB",0,3.6,NA,NA,NA,4,9,0,10,6,67,0,0,NA,NA,NA,NA,NA,NA,NA
"Tavarres King (CAR) WR","Tavarres King (CAR)","WR",0,21.9,11.3,174,0.8,0,0,0,NA,NA,NA,NA,NA,NA,NA,NA,NA,NA,NA,NA
"Tavon Austin (STL) WR","Tavon Austin (STL)","WR",1.5,95.7,45.7,593.1,3.4,12.5,130,1,NA,NA,NA,NA,NA,141,198,153,131,117,122,144.2
"Taylor Thompson (TEN) TE","Taylor Thompson (TEN)","TE",0,6.8,6,67.9,0,NA,NA,NA,NA,NA,NA,NA,NA,NA,NA,NA,NA,NA,NA,NA
"Taylor Yates (ATL) QB","Taylor Yates (ATL)","QB",0,0.5,NA,NA,NA,0.5,1,0,1.5,1,11,0,0,NA,NA,NA,NA,NA,NA,NA
"Ted Bolser (WAS) TE","Ted Bolser (WAS)","TE",0,1.2,2.3,12,0,NA,NA,NA,NA,NA,NA,NA,NA,NA,NA,NA,NA,NA,NA,NA
"Ted Ginn Jr. (ARI) WR","Ted Ginn Jr. (ARI)","WR",0,52.1,23.8,358.3,2.3,4,24.5,0,NA,NA,NA,NA,NA,NA,NA,NA,NA,NA,NA,NA
"Teddy Bridgewater (MIN) QB","Teddy Bridgewater (MIN)","QB",2,158.8,NA,NA,NA,37,140.8,1.4,334.1,202.3,2439.1,15.2,9,220,NA,NA,200,NA,177,188.5
"Terrance West (CLE) RB","Terrance West (CLE)","RB",0,120.3,21.2,168.6,0.3,164.2,710.4,5.1,NA,NA,NA,NA,NA,123,134,152,110,97,134,125.4
"Terrance Williams (DAL) WR","Terrance Williams (DAL)","WR",0.5,129.8,60.4,914,6.4,2,9.5,0,NA,NA,NA,NA,NA,89,71,96,87,86,119,91.8
"Terrelle Pryor (SEA) QB","Terrelle Pryor (SEA)","QB",0,19,NA,NA,NA,11,55,1,12,7,87,1,0,NA,NA,NA,NA,NA,NA,NA
"Terrence Toliver (CHI) WR","Terrence Toliver (CHI)","WR",0,6.5,5.3,65.3,0,0,0,0,NA,NA,NA,NA,NA,NA,NA,NA,NA,NA,NA,NA
"Tevin Reese (SD) WR","Tevin Reese (SD)","WR",0,19.2,11.3,147,0.8,0,0,0,NA,NA,NA,NA,NA,NA,NA,NA,NA,NA,NA,NA
"Thaddeus Lewis (BUF) QB","Thaddeus Lewis (BUF)","QB",0,8.9,NA,NA,NA,1,3,0,24,14,165,1,1,NA,NA,NA,NA,NA,NA,NA
"Theo Riddick (DET) RB","Theo Riddick (DET)","RB",0,26.6,9.6,63.1,0,35,142.9,1,NA,NA,NA,NA,NA,NA,NA,NA,NA,NA,NA,NA
"Tim Wright (TB) TE","Tim Wright (TB)","TE",0,46.3,25,288.9,2.9,NA,NA,NA,NA,NA,NA,NA,NA,NA,NA,NA,NA,NA,NA,NA
"Tiquan Underwood (CAR) WR","Tiquan Underwood (CAR)","WR",0,34.8,16.2,237.7,1.8,0,0,0,NA,NA,NA,NA,NA,NA,NA,NA,NA,NA,NA,NA
"TJ Jones (DET) WR","TJ Jones (DET)","WR",0,10.9,8,109,0,0,0,0,NA,NA,NA,NA,NA,NA,NA,NA,NA,NA,NA,NA
"Toby Gerhart (JAC) RB","Toby Gerhart (JAC)","RB",1.5,179.3,36.8,266.8,1,269.7,1094.1,6.7,NA,NA,NA,NA,NA,45,40,60,36,37,58,46.2
"Tom Brady (NE) QB","Tom Brady (NE)","QB",3,283.1,NA,NA,NA,26,27.5,1.1,632.7,397.7,4549.1,30.3,11.7,53,75,56,35,63,52,56.2
"Tom Savage (HOU) QB","Tom Savage (HOU)","QB",1.5,46.2,NA,NA,NA,9.8,19.9,0,143.3,82.9,955.5,5.6,6.8,NA,NA,NA,NA,NA,NA,NA
"Tommy Bohanon (NYJ) RB","Tommy Bohanon (NYJ)","RB",0,13,10.5,70.5,0,8,29,0.5,NA,NA,NA,NA,NA,NA,NA,NA,NA,NA,NA,NA
"Tommy Streeter (TB) WR","Tommy Streeter (TB)","WR",0,5.7,3.8,57,0,0,0,0,NA,NA,NA,NA,NA,NA,NA,NA,NA,NA,NA,NA
"Tony Fiammetta (CHI) RB","Tony Fiammetta (CHI)","RB",0,9.1,5,39.5,0,5.5,21.5,0.5,NA,NA,NA,NA,NA,NA,NA,NA,NA,NA,NA,NA
"Tony Gonzalez TE","Tony Gonzalez","TE",NA,NA,NA,NA,NA,NA,NA,NA,NA,NA,NA,NA,NA,193,122,NA,NA,NA,NA,122
"Tony Moeaki (BUF) TE","Tony Moeaki (BUF)","TE",0,18.3,10.3,128.5,0.9,NA,NA,NA,NA,NA,NA,NA,NA,NA,NA,NA,NA,NA,NA,NA
"Tony Romo (DAL) QB","Tony Romo (DAL)","QB",2.5,281.2,NA,NA,NA,23.8,41.9,0.8,626.5,401,4534,31.5,15.1,81,73,93,70,101,98,87
"Torrey Smith (BAL) WR","Torrey Smith (BAL)","WR",0.5,142.1,65.8,1054,6,2,16.5,0,NA,NA,NA,NA,NA,68,56,63,73,65,80,67.4
"Travaris Cadet (NO) RB","Travaris Cadet (NO)","RB",0,45.6,23.3,178,1.1,39.3,188.1,0.4,NA,NA,NA,NA,NA,NA,NA,NA,NA,NA,NA,NA
"Travis Benjamin (CLE) WR","Travis Benjamin (CLE)","WR",1,22,11.6,172.9,1.1,0,0,0,NA,NA,NA,NA,NA,NA,NA,NA,NA,NA,NA,NA
"Travis Kelce (KC) TE","Travis Kelce (KC)","TE",0.5,69.3,36.8,493,3.5,NA,NA,NA,NA,NA,NA,NA,NA,217,NA,NA,205,169,NA,187
"Tre Mason (STL) RB","Tre Mason (STL)","RB",1,60.3,20.5,169.1,0.3,79.4,363.5,1.2,NA,NA,NA,NA,NA,191,NA,191,175,153,NA,173
"Trent Richardson (IND) RB","Trent Richardson (IND)","RB",3,152.1,40.5,312.4,1,227.9,866.2,5.7,NA,NA,NA,NA,NA,71,94,51,66,61,83,71
"Troy Niklas (ARI) TE","Troy Niklas (ARI)","TE",0,25.6,14.3,177.9,1.3,NA,NA,NA,NA,NA,NA,NA,NA,NA,NA,NA,NA,NA,NA,NA
"Ty Hilton (IND) WR","Ty Hilton (IND)","WR",0.5,135.4,69.3,986.6,5.8,4.5,29.5,0,NA,NA,NA,NA,NA,64,54,68,72,58,81,66.6
"Tyler Bray (KC) QB","Tyler Bray (KC)","QB",0,0,NA,NA,NA,0,0,0,0,0,0,0,0,NA,NA,NA,NA,NA,NA,NA
"Tyler Clutts (DAL) RB","Tyler Clutts (DAL)","RB",0,6.8,4.5,26.5,0,3,11.5,0.5,NA,NA,NA,NA,NA,NA,NA,NA,NA,NA,NA,NA
"Tyler Eifert (CIN) TE","Tyler Eifert (CIN)","TE",0,71.9,41.7,508.7,3.5,NA,NA,NA,NA,NA,NA,NA,NA,243,NA,NA,212,NA,NA,212
"Tyrod Taylor (BAL) QB","Tyrod Taylor (BAL)","QB",0,5.7,NA,NA,NA,5.5,34,0,9.5,6,57,0,0,NA,NA,NA,NA,NA,NA,NA
"Vance McDonald (SF) TE","Vance McDonald (SF)","TE",0,20.7,12.4,171.1,0.6,NA,NA,NA,NA,NA,NA,NA,NA,NA,NA,NA,NA,NA,NA,NA
"Vernon Davis (SF) TE","Vernon Davis (SF)","TE",0.5,131.3,57.7,771,9.2,NA,NA,NA,NA,NA,NA,NA,NA,47,46,42,47,57,42,46.8
"Victor Cruz (NYG) WR","Victor Cruz (NYG)","WR",0.5,151,84.2,1099.8,7,0,0,0,NA,NA,NA,NA,NA,41,31,46,51,38,40,41.2
"Vincent Brown (SD) WR","Vincent Brown (SD)","WR",0,33.1,21.6,270.5,1,0,0,0,NA,NA,NA,NA,NA,NA,NA,NA,NA,NA,NA,NA
"Vincent Jackson (TB) WR","Vincent Jackson (TB)","WR",0,166.5,72.9,1190.7,7.8,0.5,6,0,NA,NA,NA,NA,NA,33,33,36,38,34,35,35.2
"Virgil Green (DEN) TE","Virgil Green (DEN)","TE",0,19.6,12,165.5,0.5,NA,NA,NA,NA,NA,NA,NA,NA,NA,NA,NA,NA,NA,NA,NA
"Wes Welker (DEN) WR","Wes Welker (DEN)","WR",0.5,126.6,70.6,837.9,7.3,0,0,0,NA,NA,NA,NA,NA,44,36,50,53,47,37,44.6
"Weslye Saunders (IND) TE","Weslye Saunders (IND)","TE",0,6.8,6,68.3,0,NA,NA,NA,NA,NA,NA,NA,NA,NA,NA,NA,NA,NA,NA,NA
"Will Johnson (PIT) RB","Will Johnson (PIT)","RB",0,10.8,11,70,0.5,2,7.5,0,NA,NA,NA,NA,NA,NA,NA,NA,NA,NA,NA,NA
"Will Ta'ufo'ou (JAC) RB","Will Ta'ufo'ou (JAC)","RB",0,5.6,7.5,41.5,0,4,14,0,NA,NA,NA,NA,NA,NA,NA,NA,NA,NA,NA,NA
"Zac Stacy (STL) RB","Zac Stacy (STL)","RB",2,191.4,29.7,186.4,0.8,285,1185.6,8.9,NA,NA,NA,NA,NA,27,26,22,27,28,32,27
"Zach Ertz (PHI) TE","Zach Ertz (PHI)","TE",0.5,105.7,57.4,712.8,5.9,NA,NA,NA,NA,NA,NA,NA,NA,112,108,140,94,106,136,116.8
"Zach Mettenberger (TEN) QB","Zach Mettenberger (TEN)","QB",0.8,18,NA,NA,NA,2.7,2.2,0,47.3,28.2,333,2.8,2.7,NA,NA,NA,NA,NA,NA,NA
"Zach Miller (SEA) TE","Zach Miller (SEA)","TE",0,58.4,33.3,379.9,3.4,NA,NA,NA,NA,NA,NA,NA,NA,188,129,NA,NA,NA,188,158.5
"Zach Sudfeld (NYJ) TE","Zach Sudfeld (NYJ)","TE",0,21.8,14.7,187.7,0.5,NA,NA,NA,NA,NA,NA,NA,NA,NA,NA,NA,NA,NA,NA,NA
